received_at|value
2023-01-3112:49:59.541998|76723575223135287
2023-01-3114:46:11.776742|37941173933142042
2023-01-3116:40:59.103231|62657347020006143
2023-01-3117:41:24.015915|89659587269365590
2023-01-3119:04:23.702729|73593110219410519
2023-01-3119:53:35.841947|10070072987676220
2023-01-3122:34:59.425014|13545892414891775
2023-01-3122:35:48.008935|3867099006367397
2023-02-0101:03:59.725305|3671184829547873
2023-02-0102:47:22.765292|14081357937448242
2023-02-0103:18:11.517037|20721183824750069
2023-02-0104:05:00.385045|9633341097011220
2023-02-0105:17:35.766933|4189729568160240
2023-02-0105:57:23.725127|20684088477906636
2023-02-0106:19:24.415426|39425317362230594
2023-02-0106:35:11.72662|15848895287235818
2023-02-0106:56:59.486218|40299736000378628
2023-02-0109:03:35.805509|28107475748881984
2023-02-0110:27:11.506755|271586917336024540
2023-02-0110:56:35.822001|149380684599624031
2023-02-0110:57:11.712318|137651269872826601
2023-02-0111:00:36.251456|84696354324988490
2023-02-0111:23:59.66196|38768226549127158
2023-02-0112:07:34.882458|23007661581904756
2023-02-0114:25:47.499377|12134401935829884
2023-02-0115:47:23.768962|41623155645912050
2023-02-0116:37:47.284468|41900453703520220
2023-02-0205:12:47.775809|11803245065127894
2023-01-3121:34:34.194772|34849204142569440
2023-02-0205:44:23.434891|15449889601963333
2023-02-0207:06:47.274542|8737330532766819
2023-02-0207:15:59.50164|11428268586294794
2023-02-0208:25:32.506549|12290014261394924
2023-02-0208:26:47.766392|45436158924310272
2023-02-0211:09:23.634477|15895241650301646
2023-02-0211:23:59.922794|46462962278416855
2023-02-0211:26:00.030233|32388853167559536
2023-02-0212:40:11.850328|141673016385688731
2023-02-0202:53:11.282856|11996945762608298
2023-02-0213:33:47.703052|188731406857716566
2023-02-0214:34:47.359769|38747833873696490
2023-02-0123:31:36.290159|12593508746167232
2023-02-0215:56:11.704529|100678566010810414
2023-02-0301:57:43.166541|7020859204152165
2023-02-0220:11:47.173678|85148100887536176
2023-02-0300:37:47.819054|8471343924003868
2023-02-0301:17:36.12755|6376119995273275
2023-02-0302:51:35.872683|9321309666031782
2023-02-0304:57:23.236301|36409422307486289
2023-02-0303:57:47.821636|15456267533228377
2023-02-0305:41:47.717118|7757372792249725
2023-02-0306:58:47.685718|52635831837534056
2023-02-0306:00:11.857435|45075233629727473
2023-02-0306:09:47.58044|117141794911101920
2023-02-0306:22:58.805639|261334897978262948
2023-02-0309:22:35.797583|5829691571741266
2023-02-0204:05:06.130151|37912205415493186
2023-02-0310:29:59.995914|11241541230390317
2023-02-0311:53:11.819651|36325504822949029
2023-02-0311:01:00.462154|28755385905269123
2023-02-0311:14:59.347402|42996925661143608
2023-02-0311:21:11.045158|16061259405324914
2023-02-0313:20:23.133844|40150437101008192
2023-02-0314:06:12.205038|10685220521908665
2023-02-0316:20:11.824157|18593272452280815
2023-02-0314:42:35.706397|54248706618297593
2023-02-0318:49:23.921444|8297504574027436
2023-02-0319:49:36.201033|11322141540859610
2023-02-0322:17:23.473209|6318907595639427
2023-02-0323:05:39.314365|2460930173209286
2023-02-0321:39:11.282491|9485480555588525
2023-02-0323:11:35.944874|5585906473928969
2023-02-0323:25:47.685696|8155574257908778
2023-02-0400:03:59.474962|6446784350490885
2023-02-0400:04:35.676999|3191973344247693
2023-02-0400:06:35.993671|1816729252368078
2023-02-0402:43:47.991136|9731348976742276
2023-02-0400:10:11.846264|5077739884812061
2023-02-0400:48:00.061951|4650423934068165
2023-02-0401:19:46.567562|8151658796179248
2023-02-0403:17:11.915509|5594277203676249
2023-02-0403:32:09.861399|15080621571954098
2023-02-0403:37:23.559217|19196858517047141
2023-02-0403:51:35.416167|5148651663810099
2023-02-0403:55:11.103059|6521541972096072
2023-02-0406:19:34.880819|14209291830207437
2023-02-0408:14:11.494968|25699606592543916
2023-02-0411:49:11.850022|6582592644434149
2023-02-0407:19:48.006658|20186609980215473
2023-02-0407:30:11.957331|44123696120118645
2023-02-0407:51:23.574551|7081750851589132
2023-02-0410:13:23.979321|26843610313073481
2023-02-0410:43:47.77641|15238887667466355
2023-02-0411:57:11.798895|43331240134105208
2023-02-0412:29:23.602232|16131352700830849
2023-02-0308:27:46.77269|36217004140797795
2023-02-0412:43:38.422595|7969176314711940
2023-02-0414:28:47.829236|20290400660067262
2023-02-0413:17:12.008946|30595810388402185
2023-02-0413:56:23.888734|8968159184656951
2023-02-0415:18:24.113815|9298830155352558
2023-02-0413:56:59.897424|29242773762338329
2023-02-0417:24:11.605746|24301577989467204
2023-02-0416:06:00.068558|7689688937942943
2023-02-0417:44:36.000884|5340974175639053
2023-02-0421:23:48.074064|4816919336224579
2023-02-0416:49:23.229025|13855865623953240
2023-02-0418:56:11.635225|6295157526724470
2023-02-0419:00:11.704096|22155204913248838
2023-02-0419:00:59.663037|15115909672122891
2023-02-0419:49:47.488763|5484898319306422
2023-02-0421:55:35.706106|13184265117223678
2023-02-0422:01:59.717482|4697619714495082
2023-02-0423:47:47.610289|9996269142704702
2023-02-0501:02:11.793293|2776842886979726
2023-02-0422:18:23.634501|9101138772806091
2023-02-0422:51:35.67776|350290558476983452
2023-02-0423:12:35.783336|9317371128850645
2023-02-0423:25:11.672942|22282978186945396
2023-02-0423:37:11.571199|4152149565885011
2023-02-0423:38:48.243784|16772182581864854
2023-02-0503:35:59.620641|4984080343155254
2023-02-0501:42:22.548837|4241839841136975
2023-02-0501:46:22.878963|18151293976532869
2023-02-0501:47:48.013428|7257587528519040
2023-02-0503:43:47.726289|24169627073884141
2023-02-0502:42:47.087122|7726446903757289
2023-02-0504:02:11.557508|30901094716832898
2023-02-0504:32:12.150005|7778275893446538
2023-02-0506:59:11.802169|6787210903133755
2023-02-0505:32:23.933061|36177117764410093
2023-02-0508:07:23.796266|12103409651381636
2023-02-0505:54:57.507591|8333274671018113
2023-02-0510:21:47.984382|455395051133642180
2023-02-0510:46:23.362943|20643469822029830
2023-02-0509:22:11.803231|15835577834792189
2023-02-0511:51:35.959801|10029173826772316
2023-02-0512:40:24.031746|22488135624211445
2023-02-0512:42:47.097384|4966570609519633
2023-02-0512:54:11.524739|68970771291902422
2023-02-0513:57:11.820093|6411961860346486
2023-02-0411:14:23.828582|17832552368257337
2023-02-0514:05:35.541598|15101666309641032
2023-02-0514:06:12.281038|11098660255742762
2023-02-0514:13:24.271643|3368536411426145
2023-02-0514:37:59.606719|9184618398825392
2023-02-0514:55:46.95063|19061350224482719
2023-02-0509:47:47.992936|4612305177586967
2023-02-0519:18:47.707167|6774887558015691
2023-02-0510:17:47.538228|37905312944690642
2023-02-0517:21:47.775064|5222518385082640
2023-02-0517:22:35.821343|11006964695118861
2023-02-0517:25:35.537409|19339623145278024
2023-02-0519:53:23.521215|31659642907030150
2023-02-0520:28:23.351458|13394651068611809
2023-02-0518:16:59.59002|8586564929533310
2023-02-0523:14:11.819125|5837940060242697
2023-02-0521:01:35.135558|37453495964955921
2023-02-0521:09:35.537075|130274809817032547
2023-02-0521:13:59.67521|36948673004045462
2023-02-0521:17:11.028761|29140466742088568
2023-02-0523:24:47.997593|3151232597143341
2023-02-0523:28:35.078715|121420718867262191
2023-02-0523:40:10.128502|2209200223262677
2023-02-0521:35:34.434651|22388558685808708
2023-02-0600:09:59.510683|13079521009880850
2023-02-0521:42:59.164796|39176094973522586
2023-02-0522:01:11.527735|2793578757139420
2023-02-0601:52:12.199301|7307811294697301
2023-02-0602:16:12.004924|3444199828390454
2023-02-0600:36:36.263778|4074558842124821
2023-02-0602:16:24.142903|7416767073004206
2023-02-0602:35:23.501191|24091767753725584
2023-02-0602:56:23.812085|12173780363955370
2023-02-0605:16:35.537788|29593390667696677
2023-02-0605:28:35.941431|12865872578978172
2023-02-0605:48:59.491817|20738934583809987
2023-02-0606:03:59.311884|6853787109868039
2023-02-0604:18:11.487239|8545865848304146
2023-02-0606:18:11.228887|9647067967787718
2023-02-0606:35:23.655731|29399377160323908
2023-02-0608:51:11.713048|23048030296153422
2023-02-0607:47:12.023143|36378394231699878
2023-02-0608:15:58.543337|28513036700387445
2023-02-0609:23:12.074452|63137928847726944
2023-02-0609:33:23.809288|11527371492614005
2023-02-0612:33:47.275039|29343610956627247
2023-02-0515:19:12.401632|3438443341111743
2023-02-0516:12:23.344566|9591143664177681
2023-02-0611:53:23.565368|30948208876132114
2023-02-0614:53:29.42352|348295417321077920
2023-02-0613:33:24.152335|27842255270930707
2023-02-0613:52:59.896554|84410485856054976
2023-02-0617:40:11.918153|15301139825213624
2023-02-0617:46:59.547703|19925668270263622
2023-02-0618:01:12.118101|32801415847063191
2023-02-0618:25:23.878917|57429659090953209
2023-02-0618:25:24.076023|57429659090953209
2023-02-0618:42:35.851487|23808393272435019
2023-02-0618:49:48.082731|14286974488999766
2023-02-0618:49:48.330045|14286974488999766
2023-02-0618:01:12.457222|32801415847063191
2023-02-0620:36:11.67692|28828103836354897
2023-02-0619:57:21.397077|16040819483346104
2023-02-0622:32:36.144888|7196527028224669
2023-02-0620:16:47.019137|25094322096734363
2023-02-0622:08:47.305908|34149749548841805
2023-02-0622:08:47.461257|34149749548841805
2023-02-0622:13:35.862054|28677119502052430
2023-02-0622:38:58.971071|3366345069066401
2023-02-0622:38:59.137405|3366345069066401
2023-02-0622:59:12.036119|78860946538533817
2023-02-0622:59:12.158198|78860946538533817
2023-02-0623:08:47.665544|2449404259791714
2023-02-0623:38:11.720517|5602162076741974
2023-02-0623:38:11.817226|5602162076741974
2023-02-0700:15:11.755123|26342383011162016
2023-02-0700:15:11.819905|26342383011162016
2023-02-0700:19:47.654315|7375932510970240
2023-02-0700:19:47.757868|7375932510970240
2023-02-0700:20:11.276623|2603574001781001
2023-02-0700:20:11.40441|2603574001781001
2023-02-0703:22:11.549343|21160738087471352
2023-02-0701:29:34.887681|52646268677373268
2023-02-0701:29:34.868741|52646268677373268
2023-02-0703:22:12.001119|21160738087471352
2023-02-0705:45:24.107671|8969717774461837
2023-02-0702:27:12.041172|6447035014893459
2023-02-0702:27:12.380071|6447035014893459
2023-02-0702:27:47.029415|6649541420577386
2023-02-0702:27:47.052301|6649541420577386
2023-02-0702:42:23.253838|8394595017396494
2023-02-0702:42:23.235395|8394595017396494
2023-02-0704:20:35.28388|8854525047532519
2023-02-0704:20:35.477213|8854525047532519
2023-02-0704:28:47.874446|9844978145397003
2023-02-0704:44:36.039615|18860592647466908
2023-02-0704:55:23.578242|25898180766646441
2023-02-0705:45:58.326628|6355271522727505
2023-02-0705:45:58.52936|6355271522727505
2023-02-0705:52:35.707274|4279792527672333
2023-02-0705:52:35.754794|4279792527672333
2023-02-0707:12:11.760412|30668630000567463
2023-02-0706:19:24.402687|30141625626852638
2023-02-0706:19:24.340062|30141625626852638
2023-02-0707:43:47.76629|8242806293364359
2023-02-0706:59:47.874528|15061925905379052
2023-02-0709:14:23.319124|22507169639165220
2023-02-0708:14:36.443741|17289119703586674
2023-02-0708:28:35.338784|27994713173018115
2023-02-0711:16:59.723126|21339674673731980
2023-02-0709:45:24.342441|21570300008339982
2023-02-0710:00:35.120789|29074284149871606
2023-02-0710:01:48.008553|24722036504660335
2023-02-0710:01:48.198787|24722036504660335
2023-02-0711:16:59.934363|21339674673731980
2023-02-0712:26:47.85972|123202317034488547
2023-02-0702:04:11.418047|11727175519269291
2023-02-0702:04:11.480185|11727175519269291
2023-02-0712:26:48.098153|123202317034488547
2023-02-0713:34:59.597075|12914117600919465
2023-02-0713:43:35.570204|16934022135827202
2023-02-0712:48:23.7161|12071142307949123
2023-02-0712:48:23.754409|12071142307949123
2023-02-0713:51:59.937153|47312580956877507
2023-02-0713:52:00.248679|47312580956877507
2023-02-0715:45:00.823693|20446912450913195
2023-02-0713:09:23.677731|25549091200681594
2023-02-0713:09:23.655911|25549091200681594
2023-02-0714:40:11.823177|35314281122407249
2023-02-0716:00:11.69713|43116570952698064
2023-02-0719:46:47.683032|27699796211929082
2023-02-0717:00:47.403238|27527112693838699
2023-02-0717:14:11.90377|29974905734876077
2023-02-0720:17:00.108887|19966606714367801
2023-02-0722:19:48.262031|14953366283257704
2023-02-0711:57:11.376869|48605702174301708
2023-02-0722:32:59.827232|5155731796206154
2023-02-0722:33:35.862462|12769428680599858
2023-02-0722:33:35.901041|12769428680599858
2023-02-0804:14:59.607101|33140765389983145
2023-02-0804:14:59.706679|33140765389983145
2023-02-0804:22:59.956565|10720751785300942
2023-02-0803:43:35.951875|8145327816951127
2023-02-0804:25:59.599777|20096781734775566
2023-02-0805:27:11.822804|3699292915578676
2023-02-0805:27:11.99723|3699292915578676
2023-02-0806:57:48.717884|10929859805186740
2023-02-0807:27:47.37048|303375482303021794
2023-02-0808:15:11.925219|63642833951562964
2023-02-0808:15:12.092077|63642833951562964
2023-02-0807:36:47.85756|10866520950777743
2023-02-0807:38:23.277355|67711676473347933
2023-02-0807:38:24.156335|67711676473347933
2023-02-0809:08:59.85893|85319846161508215
2023-02-0810:06:47.891789|19940205280027132
2023-02-0810:29:21.379589|18651890102950260
2023-02-0811:57:11.805323|67194552775265743
2023-02-0813:19:59.489066|15742751979677948
2023-02-0813:19:59.6281|15742751979677948
2023-02-0901:23:00.049526|13797938220485872
2023-02-0803:45:11.801793|8564128740209171
2023-02-0803:45:11.983853|8564128740209171
2023-02-0817:23:47.704299|9581633282391367
2023-02-0817:39:23.726809|40652546789952009
2023-02-0819:26:11.562676|101497466792707931
2023-02-0819:26:11.728619|101497466792707931
2023-02-0823:18:33.882381|3271891301439523
2023-02-0823:33:59.945244|11670129620107308
2023-02-0823:44:47.480233|24063192349661986
2023-02-0823:59:23.597881|3743824845053050
2023-02-0901:23:00.201362|13797938220485872
2023-02-0903:36:11.786326|12966813048760735
2023-02-0901:46:59.365913|66607245711643953
2023-02-0814:35:41.524043|28805559610859723
2023-02-0814:57:54.804134|65845978610076395
2023-02-0814:57:55.132215|65845978610076395
2023-02-0903:36:12.00908|12966813048760735
2023-02-0907:17:35.111871|13898137036118189
2023-02-0907:17:35.144689|13898137036118189
2023-02-0909:15:59.998628|9614918727749889
2023-02-0908:59:47.857834|14897090188543851
2023-02-0909:16:00.02199|9614918727749889
2023-02-0910:39:35.776166|6495953559644698
2023-02-0910:39:36.127488|6495953559644698
2023-02-0912:50:24.502815|16652037485706616
2023-02-0911:36:47.397647|14721063216807039
2023-02-0911:36:47.945848|14721063216807039
2023-02-0913:04:23.46601|17438499381373463
2023-02-0913:04:23.712175|17438499381373463
2023-02-0913:47:23.47482|22023117452371771
2023-02-0913:47:23.997283|22023117452371771
2023-02-0914:15:23.788534|98995947106859007
2023-02-0916:20:26.034772|26334635427919139
2023-02-0915:20:47.339674|56842573767799332
2023-02-0915:20:48.134775|56842573767799332
2023-02-0916:26:47.898277|18533897765056718
2023-02-0917:35:11.838642|31927456766075516
2023-02-0916:57:22.35404|9346057622452605
2023-02-0916:57:22.838653|9346057622452605
2023-02-0917:35:12.062314|31927456766075516
2023-02-0921:05:47.699547|7089539246183851
2023-02-0921:05:47.881862|7089539246183851
2023-02-0921:43:23.371641|16626992390748618
2023-02-0922:02:47.374815|2616786849038345
2023-02-0922:21:24.725436|6991223848198713
2023-02-0922:21:24.224762|6991223848198713
2023-02-0922:02:47.369475|2616786849038345
2023-02-0923:45:48.225469|22489195378789561
2023-02-0923:45:48.554448|22489195378789561
2023-02-1002:00:11.903884|17163306982874694
2023-02-0923:10:59.991079|16438448652796914
2023-02-0923:11:00.081131|16438448652796914
2023-02-1002:00:12.013582|17163306982874694
2023-02-1003:33:59.961723|22027135282234760
2023-02-1002:27:59.715727|3440432255022228
2023-02-1003:34:00.467297|22027135282234760
2023-02-1007:22:24.530546|50027882850850436
2023-02-1004:47:36.020351|17599466172804129
2023-02-1009:15:35.817779|47001563896329450
2023-02-1007:54:10.646181|12753733036670070
2023-02-1008:02:58.775182|28567393894241390
2023-02-1008:02:59.096329|28567393894241390
2023-02-1008:11:52.46817|26318455925761937
2023-02-1009:31:59.649227|8122475905484982
2023-02-1010:37:35.86026|21143980880820463
2023-02-1012:18:47.945705|11744616402501826
2023-02-1012:53:11.700457|39296569609053680
2023-02-1018:26:48.217725|11084825974452536
2023-02-1013:15:47.751298|43985274092740353
2023-02-1020:47:23.073645|14308446126510989
2023-02-1020:53:23.503807|14851826499288848
2023-02-1103:47:35.071448|13437482609278226
2023-02-1101:32:23.954856|27300632510172943
2023-02-1103:52:22.830567|28665734305165387
2023-02-1104:29:46.999966|11917237414334738
2023-02-1103:53:11.882998|39127699093040191
2023-02-1104:02:35.640765|17544854467116821
2023-02-1104:32:47.187705|15175248541476021
2023-02-1104:07:35.918367|10516334598445553
2023-02-1104:08:11.570556|7154606137756753
2023-02-1104:12:59.188835|10497541044845264
2023-02-1104:15:35.528528|19123646650614091
2023-02-1104:20:59.402573|11767682017236022
2023-02-1104:21:59.245739|39658896030166285
2023-02-1104:24:12.018837|10378106212268856
2023-02-1104:45:59.27563|7057105088371171
2023-02-1104:46:23.769667|28375168799512192
2023-02-1104:24:35.385266|17240693888733971
2023-02-1104:27:47.089732|11560143211970204
2023-02-1104:48:23.208906|22300730597320747
2023-02-1105:14:47.231503|25789765996306952
2023-02-1105:32:47.371547|13762243939627504
2023-02-1104:57:11.400386|8499412706689512
2023-02-1104:58:46.862941|21887547153565964
2023-02-1105:43:23.16401|47297337776425785
2023-02-1105:06:23.815602|18149650214680110
2023-02-1105:07:58.957522|15391382921540574
2023-02-1106:02:35.489216|24161595952230951
2023-02-1106:05:59.314398|40014029562338379
2023-02-1105:45:58.880157|27287604099825152
2023-02-1105:48:23.621217|11596227162531295
2023-02-1107:00:10.555033|21923520009519705
2023-02-1107:07:35.816391|26204249104315655
2023-02-1106:38:11.420838|20124977171885221
2023-02-1106:39:34.972938|51656558629367342
2023-02-1107:08:59.940305|11635324405472122
2023-02-1106:40:35.026881|17094439289862760
2023-02-1107:09:35.492909|17514160049650996
2023-02-1107:10:35.075545|27037370709689001
2023-02-1107:11:58.791766|10443143039987982
2023-02-1107:12:22.793936|24733973949702743
2023-02-1106:48:22.904332|29529311494258859
2023-02-1107:16:59.663867|17598773481039700
2023-02-1106:52:59.248563|13883921179942404
2023-02-1107:20:10.574989|25834103375388603
2023-02-1107:35:11.556792|44973912044252760
2023-02-1107:37:35.708354|46157443176755706
2023-02-1107:25:59.95834|11352729544455378
2023-02-1107:44:10.728806|12893980894105930
2023-02-1107:44:23.153454|11607018292074600
2023-02-1107:28:11.975939|19528658733218683
2023-02-1107:45:35.855144|21499346238324334
2023-02-1107:52:47.367689|23900212102527552
2023-02-1108:19:47.899658|25202394661818570
2023-02-1107:53:10.416105|14138477836109120
2023-02-1107:58:47.133565|50430293456421805
2023-02-1107:59:58.469643|32802086498111480
2023-02-1108:31:23.245327|12461011462690487
2023-02-1108:34:10.988379|109255316159817762
2023-02-1108:37:23.115699|8951974091160646
2023-02-1108:39:34.899907|30236761313402845
2023-02-1016:41:49.209406|26130719312814734
2023-02-1108:49:01.054155|25122050681553872
2023-02-1016:44:11.662526|66366661969817832
2023-02-1108:50:23.260305|14009371053335304
2023-02-1108:51:59.577131|14145545623025649
2023-02-1017:04:59.06674|52545182923941562
2023-02-1108:59:59.019019|13475771311329234
2023-02-1109:03:46.824224|8108105186777625
2023-02-1109:06:35.179988|15072398534739510
2023-02-1017:20:11.33122|168064053218160110
2023-02-1109:13:58.867008|38527212943099627
2023-02-1109:15:24.042508|10988465301695460
2023-02-1109:20:22.911487|30876199124549954
2023-02-1109:29:58.727739|22605969529311289
2023-02-1109:31:00.048134|19000549062805515
2023-02-1109:37:11.454883|42538525009086102
2023-02-1110:08:59.441413|9663320371046827
2023-02-1109:40:59.432032|40914121761281606
2023-02-1109:42:22.862751|19672855021254677
2023-02-1110:17:58.709151|12599546473468569
2023-02-1109:53:09.825686|13459880958613526
2023-02-1111:25:59.118964|45188058818593534
2023-02-1110:35:47.568011|70270820740798194
2023-02-1110:38:46.770195|18370775402071078
2023-02-1110:45:01.57405|25666564655255670
2023-02-1111:48:59.399586|50695304730045470
2023-02-1111:28:22.859385|40553670725136531
2023-02-1111:54:59.101421|13018359717155992
2023-02-1111:29:34.601124|23986815676366628
2023-02-1111:36:47.504318|50802410606140478
2023-02-1111:37:11.582937|81106847141018240
2023-02-1112:03:11.668686|61443114944692999
2023-02-1112:19:59.296949|13301301019650738
2023-02-1112:03:34.86998|13724356236495950
2023-02-1112:07:10.685216|18847844887084047
2023-02-1112:22:47.04431|33343225393204429
2023-02-1112:25:34.97015|16400058792302724
2023-02-1112:08:47.364879|29215123857180039
2023-02-1112:28:59.170136|16933639980635428
2023-02-1112:12:35.735249|12494035536845021
2023-02-1112:29:46.573353|33634067561079135
2023-02-1112:32:34.811949|39919387446109751
2023-02-1112:14:58.89744|45012881644042282
2023-02-1112:35:34.642541|27128065250823755
2023-02-1112:47:46.818843|14071576537855915
2023-02-1113:03:47.183067|33203050527949945
2023-02-1112:53:23.369286|22317605415219321
2023-02-1113:13:46.704675|20681642742690532
2023-02-1113:14:59.479366|8263970168817938
2023-02-1112:55:11.484479|15683462597704969
2023-02-1113:20:47.565876|19256858851424997
2023-02-1113:26:47.169599|16621722950226848
2023-02-1112:57:48.151792|17243612162373145
2023-02-1112:58:47.438363|41489140317539643
2023-02-1113:01:23.897816|18061788328852597
2023-02-1113:57:46.977307|16650331585086501
2023-02-1113:32:10.319846|15331254955779567
2023-02-1113:32:11.526389|15331254955779567
2023-02-1113:33:10.763544|32172853559332656
2023-02-1114:03:23.750481|8578716369620996
2023-02-1113:34:59.697321|21270668940797763
2023-02-1114:17:23.924859|8681845884071664
2023-02-1113:43:47.744278|24752559843769721
2023-02-1114:47:35.586931|39933507877212665
2023-02-1114:19:46.797739|9035814623565308
2023-02-1114:20:47.816747|15350286320187232
2023-02-1114:51:24.117902|8589529065408991
2023-02-1114:24:59.259831|18255430618870061
2023-02-1114:51:35.144463|36125810419642333
2023-02-1114:27:11.45255|13842095645198978
2023-02-1114:30:58.357483|12496011835974744
2023-02-1114:31:23.615764|18342160277639006
2023-02-1115:41:35.179444|12819075172869027
2023-02-1115:15:10.610484|20741312409961837
2023-02-1115:16:11.246138|22484913341044104
2023-02-1115:17:35.28805|25277985877444027
2023-02-1115:44:11.221615|21934432227119357
2023-02-1115:21:59.843441|20208480409566022
2023-02-1115:47:35.274113|26319528777520265
2023-02-1115:55:23.89852|20036039685525695
2023-02-1115:31:22.491082|21285904584253586
2023-02-1115:56:48.245037|43366893377394236
2023-02-1116:15:23.775205|26410145294799166
2023-02-1115:58:24.158306|28359854683444114
2023-02-1116:18:11.129837|20775549954578958
2023-02-1115:58:46.779542|28005778176334821
2023-02-1115:59:59.792306|26009130582537405
2023-02-1116:24:10.806792|23078783805137126
2023-02-1116:05:20.655187|32528879975072646
2023-02-1116:28:59.492422|23086937472897169
2023-02-1116:11:10.466518|109679842882013102
2023-02-1116:30:11.711914|27013507608896322
2023-02-1116:59:45.6024|34538174707954106
2023-02-1116:32:21.996419|29964706299740114
2023-02-1116:32:35.9141|16658017807706702
2023-02-1116:34:23.827021|32937831354011565
2023-02-1117:00:05.968736|40186518105904837
2023-02-1117:04:47.01789|26100290993587113
2023-02-1117:07:11.002358|21844161007369385
2023-02-1116:41:44.928051|66395977228759076
2023-02-1116:41:46.191693|66395977228759076
2023-02-1116:41:47.488206|66395977228759076
2023-02-1116:41:48.747541|66395977228759076
2023-02-1117:07:12.244251|21844161007369385
2023-02-1117:11:46.685681|27806908108833176
2023-02-1117:12:11.356039|26383272082388469
2023-02-1116:46:12.013107|32798932608668497
2023-02-1117:13:47.874498|25798955226514406
2023-02-1117:20:52.125618|999999999982008000
2023-02-1117:20:55.524267|999999999982008000
2023-02-1117:20:49.781126|999999999982008000
2023-02-1117:20:50.916064|999999999982008000
2023-02-1117:20:53.25935|999999999982008000
2023-02-1117:20:54.39185|999999999982008000
2023-02-1117:20:56.665272|999999999982008000
2023-02-1117:21:00.063264|999999999982008000
2023-02-1117:20:57.797394|999999999982008000
2023-02-1117:20:58.930044|999999999982008000
2023-02-1117:21:10.727464|1023053946827556723
2023-02-1119:57:35.896143|37420466175477985
2023-02-1108:12:36.058844|17900463226783991
2023-02-1108:16:11.987079|16657831324208900
2023-02-1119:38:04.276187|19999999999402000
2023-02-1119:38:04.500864|19999999999402000
2023-02-1119:38:04.726707|19999999999402000
2023-02-1119:38:01.77154|19999999999402000
2023-02-1119:38:01.999567|19999999999402000
2023-02-1119:38:02.226844|19999999999402000
2023-02-1119:38:02.453296|19999999999402000
2023-02-1119:38:02.677877|19999999999402000
2023-02-1119:38:02.904026|19999999999402000
2023-02-1119:38:03.139445|19999999999402000
2023-02-1119:38:03.366649|19999999999402000
2023-02-1119:38:03.593643|19999999999402000
2023-02-1119:38:03.818294|19999999999402000
2023-02-1119:38:04.045045|19999999999402000
2023-02-1119:38:04.95522|19999999999402000
2023-02-1119:38:05.181397|19999999999402000
2023-02-1119:38:05.408888|19999999999402000
2023-02-1119:38:05.638667|19999999999402000
2023-02-1119:38:05.864846|19999999999402000
2023-02-1119:38:06.093912|19999999999402000
2023-02-1119:38:06.318381|19999999999402000
2023-02-1119:38:06.546426|19999999999402000
2023-02-1119:38:06.772034|19999999999402000
2023-02-1119:38:06.999715|19999999999402000
2023-02-1119:38:07.228346|19999999999402000
2023-02-1119:38:07.458988|19999999999402000
2023-02-1119:38:07.684046|19999999999402000
2023-02-1119:38:07.911124|19999999999402000
2023-02-1119:38:08.143135|19999999999402000
2023-02-1119:38:08.375464|19999999999402000
2023-02-1119:38:08.600049|19999999999402000
2023-02-1119:38:08.827181|19999999999402000
2023-02-1119:38:09.055512|19999999999402000
2023-02-1119:38:09.284256|19999999999402000
2023-02-1119:38:09.510572|19999999999402000
2023-02-1119:38:09.740231|19999999999402000
2023-02-1119:38:09.968028|19999999999402000
2023-02-1119:38:10.197019|19999999999402000
2023-02-1119:38:10.424505|19999999999402000
2023-02-1119:38:10.649481|19999999999402000
2023-02-1119:38:10.877612|19999999999402000
2023-02-1119:38:11.105294|19999999999402000
2023-02-1119:38:11.333819|19999999999402000
2023-02-1119:38:11.562908|19999999999402000
2023-02-1119:38:11.795569|19999999999402000
2023-02-1119:38:12.02231|19999999999402000
2023-02-1119:38:12.24937|19999999999402000
2023-02-1119:38:12.479889|19999999999402000
2023-02-1119:38:12.705343|19999999999402000
2023-02-1119:41:23.460908|28313967866945642
2023-02-1119:41:35.774405|28217072512140122
2023-02-1119:41:47.837477|32353472175942539
2023-02-1119:46:00.009895|54545461764294232
2023-02-1119:46:11.492542|53950342907878339
2023-02-1119:53:35.725195|41057510797276249
2023-02-1119:53:36.332591|41057510797276249
2023-02-1119:57:36.275028|37420466175477985
2023-02-1119:58:47.197379|32391389471723281
2023-02-1119:54:11.796839|49992855413077937
2023-02-1119:54:12.28014|49992855413077937
2023-02-1119:58:47.566417|32391389471723281
2023-02-1119:58:47.934382|32391389471723281
2023-02-1119:59:35.698083|44234435412159906
2023-02-1119:55:23.843594|48003205671648047
2023-02-1120:06:11.646504|11194793334481692
2023-02-1120:06:47.607112|12309773912957685
2023-02-1120:51:35.699131|12071066692026302
2023-02-1120:08:23.638702|14654332351854129
2023-02-1120:53:11.220496|56286525006792058
2023-02-1120:09:22.876352|13901434862667142
2023-02-1120:09:21.996029|13901434862667142
2023-02-1120:11:35.237018|13777009652827670
2023-02-1120:17:23.799937|25590665942032216
2023-02-1121:05:11.337689|12538503204741822
2023-02-1121:05:12.130267|12538503204741822
2023-02-1121:05:23.497603|18880269382249098
2023-02-1120:24:59.81664|43119489369737663
2023-02-1121:05:59.542786|40935610772476564
2023-02-1120:39:23.637899|14355846801889923
2023-02-1121:06:47.206533|34506741842617194
2023-02-1121:11:23.674709|31075242352484801
2023-02-1121:20:59.801491|12669522422203616
2023-02-1121:21:23.305427|26616513289571285
2023-02-1121:21:24.363812|26616513289571285
2023-02-1121:50:10.274342|11883734343275047
2023-02-1121:36:23.564538|14019271005434840
2023-02-1121:38:59.725851|12350088292283262
2023-02-1121:39:00.37963|12350088292283262
2023-02-1121:50:11.133627|11883734343275047
2023-02-1121:56:47.821228|11248788736350190
2023-02-1121:41:23.910283|11839079935295311
2023-02-1121:41:24.675105|11839079935295311
2023-02-1122:00:23.826687|25196902212869360
2023-02-1122:07:11.561444|11791799073994279
2023-02-1122:26:24.117714|7933966519794578
2023-02-1122:27:11.339979|11214708501021869
2023-02-1122:27:12.256975|11214708501021869
2023-02-1122:07:12.409294|11791799073994279
2023-02-1122:12:35.425277|22514068063409903
2023-02-1123:04:59.428829|13580664653680024
2023-02-1122:34:35.739371|4812382686747792
2023-02-1122:34:36.400883|4812382686747792
2023-02-1122:37:58.191037|40375060096235146
2023-02-1122:37:59.203932|40375060096235146
2023-02-1122:38:00.188359|40375060096235146
2023-02-1122:39:35.635116|3590227038488217
2023-02-1122:41:11.682836|51431671712786075
2023-02-1122:46:23.121659|31156801984066608
2023-02-1122:46:23.981999|31156801984066608
2023-02-1122:47:58.753009|5384918896139718
2023-02-1123:08:10.941166|3574687540938342
2023-02-1122:57:48.893783|6609370711349671
2023-02-1123:01:59.878413|8301144793284356
2023-02-1123:15:47.19716|7641376695223334
2023-02-1123:02:10.67439|4755707925374611
2023-02-1123:02:11.757347|4755707925374611
2023-02-1123:26:47.364782|6184404038500453
2023-02-1123:34:34.336484|7315682429539181
2023-02-1123:34:35.03245|7315682429539181
2023-02-1123:34:35.735406|7315682429539181
2023-02-1123:35:00.122773|4755967924264435
2023-02-1123:34:59.429158|4755967924264435
2023-02-1123:36:59.919213|3396222562709651
2023-02-1123:38:47.393981|11206299865903512
2023-02-1123:26:48.040132|6184404038500453
2023-02-1123:27:59.895685|9086383734239875
2023-02-1123:28:23.651205|4377488667621031
2023-02-1123:39:47.192609|12160956154133584
2023-02-1123:28:24.46153|4377488667621031
2023-02-1123:28:59.717664|8298283281316321
2023-02-1123:29:47.797632|3612549671382347
2023-02-1200:13:35.97809|9136846668160669
2023-02-1123:47:22.494744|3520639487882320
2023-02-1123:47:23.181827|3520639487882320
2023-02-1123:47:23.906032|3520639487882320
2023-02-1123:47:47.910983|5638182273014143
2023-02-1123:47:45.762754|5638182273014143
2023-02-1123:47:46.489006|5638182273014143
2023-02-1123:47:47.19526|5638182273014143
2023-02-1200:25:35.066212|2769360844591108
2023-02-1123:49:58.592041|26524503727063791
2023-02-1123:49:59.282396|26524503727063791
2023-02-1123:49:59.972815|26524503727063791
2023-02-1123:50:00.666196|26524503727063791
2023-02-1123:56:35.871163|8951453855715496
2023-02-1200:06:46.018441|18328178644892020
2023-02-1200:06:46.870386|18328178644892020
2023-02-1200:06:47.711864|18328178644892020
2023-02-1200:06:48.571095|18328178644892020
2023-02-1200:27:23.71419|5350224734224438
2023-02-1200:32:23.33154|10048768261884675
2023-02-1200:11:35.487576|9901159225837794
2023-02-1200:32:24.179599|10048768261884675
2023-02-1200:38:24.100587|5900656853829061
2023-02-1200:56:59.882916|9303561143540136
2023-02-1200:58:59.098359|11069517527619364
2023-02-1200:38:24.765688|5900656853829061
2023-02-1200:41:23.898396|10742427793502108
2023-02-1200:44:59.575408|6964049411656965
2023-02-1200:45:00.246899|6964049411656965
2023-02-1200:51:59.543104|4239150321409442
2023-02-1117:32:34.399077|104780928677847869
2023-02-1117:34:10.891152|37997614387091915
2023-02-1200:52:00.210147|4239150321409442
2023-02-1200:52:11.93129|21606493539977485
2023-02-1201:38:11.431075|6785244036011649
2023-02-1201:40:48.08246|28158183722432610
2023-02-1201:42:12.033133|20428655609197603
2023-02-1201:44:23.988077|5624503991331634
2023-02-1201:59:35.712355|6365117362724978
2023-02-1118:24:10.348479|15900620718411419
2023-02-1202:02:59.512067|7926511853966085
2023-02-1202:04:35.831259|9256970908524149
2023-02-1202:04:35.136965|9256970908524149
2023-02-1202:56:23.382712|8635056972089553
2023-02-1202:10:59.996331|14688465004514593
2023-02-1203:03:59.204704|29084350623561148
2023-02-1202:34:24.09525|16656334860714175
2023-02-1202:39:00.044444|10268465363467019
2023-02-1203:07:35.925113|9857840845005096
2023-02-1203:09:47.977997|3697748401725240
2023-02-1202:50:59.915724|56800243800724482
2023-02-1204:21:35.327712|8273779894821008
2023-02-1202:53:35.798015|10238675621580446
2023-02-1203:33:36.144349|6374104710527919
2023-02-1203:33:36.147744|6374104710527919
2023-02-1203:33:59.599407|11680215872147129
2023-02-1203:43:22.700431|10145184309865358
2023-02-1203:43:23.383722|10145184309865358
2023-02-1203:43:24.076078|10145184309865358
2023-02-1203:44:23.27487|12511113046049309
2023-02-1203:44:35.309722|14097688854673545
2023-02-1203:46:23.566346|11598916243284040
2023-02-1204:28:46.506639|8061353694486291
2023-02-1203:59:11.603557|10023376108250773
2023-02-1204:28:47.349838|8061353694486291
2023-02-1204:39:47.974589|30709944339034712
2023-02-1204:47:59.5912|11180284255718662
2023-02-1204:52:47.922899|6894120201564176
2023-02-1204:57:59.468393|4508516587170654
2023-02-1205:45:11.69377|7276689526223398
2023-02-1205:18:47.706335|15401300614372636
2023-02-1205:59:23.993294|6763236283096551
2023-02-1205:22:23.450082|7675676120276435
2023-02-1205:22:47.417693|23623637367418362
2023-02-1206:09:59.592996|24823715584676762
2023-02-1205:34:59.765012|12227456456954681
2023-02-1205:36:23.826026|57992260661160636
2023-02-1207:13:47.549773|25032171026259913
2023-02-1206:19:59.274639|9248551237558887
2023-02-1206:26:35.130507|35714581124760645
2023-02-1206:28:35.77811|36327805345363717
2023-02-1207:33:58.839105|56625007750817345
2023-02-1206:29:19.302269|16728534500531996
2023-02-1206:48:00.21619|27643748902282906
2023-02-1206:47:59.146277|27643748902282906
2023-02-1207:36:47.513505|43781274537101440
2023-02-1207:46:47.542817|13529036260047491
2023-02-1206:59:11.349212|25782364458831237
2023-02-1207:00:35.832734|29114433419549511
2023-02-1207:04:35.226565|7701446488720595
2023-02-1207:50:35.407266|14183766313403043
2023-02-1207:54:11.097226|42895822064506372
2023-02-1201:06:22.309626|6441160358814653
2023-02-1201:06:23.028629|6441160358814653
2023-02-1201:06:23.746919|6441160358814653
2023-02-1201:07:34.496715|7694498123534459
2023-02-1201:07:35.37748|7694498123534459
2023-02-1208:42:59.983995|80338436278895941
2023-02-1201:08:35.148735|4284231375301785
2023-02-1201:08:35.83005|4284231375301785
2023-02-1201:10:59.718999|8615596938386250
2023-02-1201:16:59.521276|13131650293531876
2023-02-1208:43:59.009528|4734593961762620
2023-02-1208:43:59.675252|4734593961762620
2023-02-1208:50:11.887569|10387816392073622
2023-02-1201:18:47.441909|17444664930467531
2023-02-1208:53:36.010023|23687306983829297
2023-02-1201:21:47.977057|12304240278649772
2023-02-1201:22:35.774674|9510772943640744
2023-02-1208:53:36.160098|23687306983829297
2023-02-1208:56:11.421147|9029559134261285
2023-02-1209:00:47.513571|13483713955000222
2023-02-1210:09:47.197876|55519793716766143
2023-02-1209:36:11.440918|11631486573464897
2023-02-1209:38:23.215119|36146393854333981
2023-02-1210:10:35.801561|18996954430879048
2023-02-1210:18:11.96139|26927727997904244
2023-02-1210:18:11.150797|26927727997904244
2023-02-1210:55:24.185477|31045444325970597
2023-02-1209:57:47.321486|30388727023759050
2023-02-1211:05:22.780659|41385761021918617
2023-02-1211:05:23.643996|41385761021918617
2023-02-1211:34:35.138547|11104274829545750
2023-02-1211:08:48.096997|33672897064062619
2023-02-1211:35:47.564707|42591029321698999
2023-02-1211:10:23.566358|28075720455323783
2023-02-1211:41:10.634886|31207523388419142
2023-02-1211:11:35.77308|20051418447398078
2023-02-1211:14:11.700775|19261443238825047
2023-02-1211:42:58.312327|6301565456608575
2023-02-1211:44:35.691406|8085025209808841
2023-02-1211:22:59.334744|27432867975915154
2023-02-1211:23:10.889591|13967384506203657
2023-02-1211:23:11.746795|13967384506203657
2023-02-1211:28:23.620372|9624860735747041
2023-02-1211:50:11.521229|41932482398849952
2023-02-1211:50:24.017149|10526825603684323
2023-02-1211:53:35.332299|35080656624369048
2023-02-1212:00:23.723288|46439072210154678
2023-02-1212:02:59.312206|16935625800647261
2023-02-1212:43:34.799652|8329912079932987
2023-02-1212:19:35.583641|15400569609641854
2023-02-1212:43:35.568324|8329912079932987
2023-02-1212:49:59.327451|30537558581484730
2023-02-1212:53:59.934599|16144339072058075
2023-02-1212:25:23.800401|18640170191156922
2023-02-1212:55:47.463104|7124771524269076
2023-02-1212:56:35.164425|76616841792481449
2023-02-1212:57:35.245279|11177289370444396
2023-02-1212:58:11.836861|7455009345100499
2023-02-1212:58:35.775709|13006079060574839
2023-02-1212:58:47.386881|16377493112099727
2023-02-1212:39:59.830163|7902420201134978
2023-02-1213:03:23.75773|9744370261610305
2023-02-1213:08:11.789799|8510547562622029
2023-02-1213:17:47.199291|11459575713587741
2023-02-1213:22:35.096541|61843929446282000
2023-02-1213:22:35.949177|61843929446282000
2023-02-1213:08:10.959513|8510547562622029
2023-02-1213:08:35.780361|11101796338149054
2023-02-1214:00:35.162415|16852765792019217
2023-02-1213:30:23.717396|43058607589116510
2023-02-1213:33:59.553158|25153171406838272
2023-02-1214:07:11.799679|28195448796294875
2023-02-1214:07:35.780876|9380213022923582
2023-02-1214:08:23.987805|65803700705960488
2023-02-1214:09:11.497101|16142033639188432
2023-02-1213:50:59.588559|11902549099343340
2023-02-1214:18:47.282307|15500333827451222
2023-02-1207:58:58.897046|13754276447486072
2023-02-1214:27:35.254566|19950455461946015
2023-02-1207:59:59.499935|12471232246526398
2023-02-1214:33:47.172122|27253992877105996
2023-02-1214:37:59.854288|11164357284465509
2023-02-1215:49:23.463243|23295740137558752
2023-02-1208:19:47.346084|26122689534682255
2023-02-1215:07:22.199912|20405286277964037
2023-02-1215:07:23.050108|20405286277964037
2023-02-1215:11:11.489278|22199261049094568
2023-02-1215:13:35.866734|18831402737949051
2023-02-1215:13:47.791317|41226301529645157
2023-02-1215:49:35.536232|15478701109535112
2023-02-1215:51:59.63438|26211377325456449
2023-02-1215:54:46.797173|28593499743227897
2023-02-1216:05:46.985583|54357705957318086
2023-02-1215:26:47.967355|11686156204282653
2023-02-1216:25:47.632727|9256578757002742
2023-02-1216:32:24.064117|17236236618008245
2023-02-1217:41:11.908592|7266541823225302
2023-02-1217:47:35.261583|38633274369266961
2023-02-1217:53:35.306445|19268897954629518
2023-02-1217:53:46.643605|4873580823927079
2023-02-1217:53:47.384729|4873580823927079
2023-02-1218:04:59.15213|12525586418490910
2023-02-1218:21:23.877266|20915382556570328
2023-02-1218:38:23.147953|39898473007055200
2023-02-1218:29:23.185559|46655138545262226
2023-02-1218:38:24.255636|39898473007055200
2023-02-1218:46:47.87217|112549880084439634
2023-02-1218:33:11.519361|18375472902276235
2023-02-1218:34:11.818904|15409070069828396
2023-02-1218:55:12.311445|12726499522615565
2023-02-1219:14:11.513116|23055122858948836
2023-02-1220:05:23.67959|33147333835127441
2023-02-1219:28:11.601779|11575583306289197
2023-02-1219:34:59.952091|24850109619896797
2023-02-1219:43:23.356364|37156841586317623
2023-02-1219:57:48.173789|24926344227267132
2023-02-1219:57:48.180473|24926344227267132
2023-02-1219:57:59.697822|11872617672496002
2023-02-1220:07:35.820219|35657194851646029
2023-02-1220:08:59.329621|9002272303725445
2023-02-1220:11:24.031689|20999661910264857
2023-02-1220:30:59.838794|7839544051060207
2023-02-1220:15:36.053731|4978566819976010
2023-02-1220:44:10.696005|8488871576989429
2023-02-1220:17:59.393303|23443163660295286
2023-02-1221:06:35.555647|25525603911598069
2023-02-1220:50:23.989876|24111307499005076
2023-02-1220:50:59.603664|41289775294454975
2023-02-1220:51:35.513942|4866699621894286
2023-02-1220:51:47.538756|6521163713921058
2023-02-1220:52:23.905474|14613128613448452
2023-02-1220:53:59.270058|4389342880019007
2023-02-1220:55:11.653344|15419869524235651
2023-02-1221:13:58.502903|7555202347202284
2023-02-1221:03:23.467327|93886004571760296
2023-02-1221:03:59.916723|8202644458123631
2023-02-1221:34:59.84058|11807239182393241
2023-02-1221:39:34.680305|11015905673119177
2023-02-1221:39:35.559625|11015905673119177
2023-02-1221:39:59.92796|18412477032442874
2023-02-1221:41:46.755966|9651130492424950
2023-02-1222:14:21.829553|10185984494739828
2023-02-1222:14:22.772336|10185984494739828
2023-02-1222:14:23.671937|10185984494739828
2023-02-1221:41:47.573334|9651130492424950
2023-02-1221:51:35.401241|347704861839384116
2023-02-1222:20:59.225357|3528109123395037
2023-02-1222:21:00.036885|3528109123395037
2023-02-1221:51:36.216489|347704861839384116
2023-02-1221:53:11.797063|14246296737071728
2023-02-1222:24:34.929336|10248505480611742
2023-02-1222:24:35.7842|10248505480611742
2023-02-1222:24:36.653124|10248505480611742
2023-02-1222:28:59.524665|15382538805376962
2023-02-1221:56:47.829964|114524532761995470
2023-02-1222:00:59.921767|9462156961531946
2023-02-1223:01:35.125358|18283395247360360
2023-02-1222:37:47.815981|7401933970039500
2023-02-1222:39:23.825996|14673716004574919
2023-02-1222:43:35.824016|19022251003976034
2023-02-1223:02:59.30245|21264665181386706
2023-02-1223:49:47.170976|4636157796297621
2023-02-1223:50:23.918068|6642862506233191
2023-02-1223:03:11.675882|18043946958188932
2023-02-1223:50:34.857666|6110763549887301
2023-02-1223:50:35.560183|6110763549887301
2023-02-1223:03:47.293145|15753076014873595
2023-02-1223:52:59.993689|4423905619821021
2023-02-1223:04:23.839597|9759090729269475
2023-02-1223:07:59.61221|9637859690868909
2023-02-1223:55:22.356801|11144503361982114
2023-02-1223:55:23.198167|11144503361982114
2023-02-1223:55:24.019638|11144503361982114
2023-02-1223:58:35.82599|11048592859746885
2023-02-1223:08:00.410698|9637859690868909
2023-02-1223:23:59.277152|17458338426271554
2023-02-1300:00:59.782493|7694551488897046
2023-02-1223:24:00.095963|17458338426271554
2023-02-1223:37:35.78404|4298290102365816
2023-02-1300:04:00.043978|11524586696770548
2023-02-1300:10:46.933098|92486587215841121
2023-02-1300:11:23.999892|31812742441093346
2023-02-1300:29:35.843348|4526792222965550
2023-02-1300:12:23.683359|84831671228331357
2023-02-1300:44:47.997247|8358035165023839
2023-02-1300:17:11.920161|4611808683809792
2023-02-1300:17:58.451996|6188681223261158
2023-02-1300:17:59.453557|6188681223261158
2023-02-1300:54:11.80678|15273289768285820
2023-02-1301:03:11.661165|5350765265098237
2023-02-1301:30:35.719695|49446320852352064
2023-02-1301:30:58.795265|8284194121362306
2023-02-1301:30:59.476743|8284194121362306
2023-02-1302:07:47.436433|26729225962877466
2023-02-1301:36:23.841832|3581717508247945
2023-02-1301:36:24.524331|3581717508247945
2023-02-1301:42:35.303594|6748184830888539
2023-02-1301:42:36.239007|6748184830888539
2023-02-1301:46:12.086668|5597851359951259
2023-02-1301:46:11.352382|5597851359951259
2023-02-1301:48:46.741203|4525219847474078
2023-02-1301:48:47.427579|4525219847474078
2023-02-1301:51:47.616481|9226801352104438
2023-02-1302:07:48.543238|26729225962877466
2023-02-1302:10:59.682884|19070463793826483
2023-02-1301:54:47.589541|6491803443943615
2023-02-1301:54:59.524677|6167640517812655
2023-02-1301:57:59.313056|3713583691090111
2023-02-1301:57:59.976472|3713583691090111
2023-02-1301:59:47.705031|7424519536243688
2023-02-1302:11:11.958085|18724690053216028
2023-02-1302:14:47.95129|15724412467320326
2023-02-1302:16:11.231354|46690609111428275
2023-02-1302:16:12.058717|46690609111428275
2023-02-1302:17:11.43015|49396401864622697
2023-02-1302:17:22.521199|8249185068314808
2023-02-1302:58:47.060606|44764389842017040
2023-02-1302:59:24.083056|10626554480682436
2023-02-1302:17:23.341527|8249185068314808
2023-02-1302:19:47.991888|4697289444243151
2023-02-1302:32:23.718206|12026362108473206
2023-02-1302:34:23.401026|7819310466401937
2023-02-1302:34:24.111262|7819310466401937
2023-02-1302:36:59.5371|57004865178823929
2023-02-1302:40:23.532411|27464668693215919
2023-02-1303:01:59.538064|9813973078016103
2023-02-1303:28:23.719307|5998737358444940
2023-02-1303:07:47.675208|20220399424193946
2023-02-1303:31:59.482436|19145449038066945
2023-02-1303:38:35.705836|8148717984364116
2023-02-1303:42:00.051406|7469885396417107
2023-02-1303:25:23.684632|10896077641978594
2023-02-1303:47:23.448569|36339140294368894
2023-02-1303:26:59.991981|13478532382674552
2023-02-1304:00:47.705122|36446328949539612
2023-02-1303:53:11.344814|12488186660148591
2023-02-1304:07:11.400684|46736581023579865
2023-02-1303:53:35.84174|16909609448063263
2023-02-1304:07:23.740473|60554382549699889
2023-02-1304:08:35.901892|22119271400304917
2023-02-1303:55:59.847602|30928311138755889
2023-02-1304:25:47.369919|9611778244694107
2023-02-1304:25:59.449302|10227365453502115
2023-02-1304:19:46.005261|13130394069437626
2023-02-1304:19:46.843041|13130394069437626
2023-02-1304:19:47.725151|13130394069437626
2023-02-1304:29:58.99733|21969281400915028
2023-02-1304:46:35.862239|10610899246182480
2023-02-1304:21:47.230583|5792096528981410
2023-02-1304:21:47.964889|5792096528981410
2023-02-1304:25:23.513772|22610837918691765
2023-02-1304:25:24.229611|22610837918691765
2023-02-1304:25:35.360839|13095782297183125
2023-02-1305:17:59.368047|15352537414195631
2023-02-1304:52:10.293184|12628994916893760
2023-02-1304:52:11.216519|12628994916893760
2023-02-1304:57:11.264901|19861147050783493
2023-02-1305:23:59.340493|11628194184723782
2023-02-1313:31:47.403185|92469102855889156
2023-02-1305:30:11.771004|32273541942705161
2023-02-1305:30:47.436931|127572982629960392
2023-02-1305:31:35.312361|65250883781278710
2023-02-1305:42:11.76214|24529015867423758
2023-02-1305:54:35.218271|20679462167480772
2023-02-1306:43:47.572684|29256741876220123
2023-02-1307:28:11.591594|25439853663657958
2023-02-1307:37:23.747571|27834767504810141
2023-02-1307:59:23.312015|32337723110320377
2023-02-1309:00:00.306413|70811103973912064
2023-02-1309:02:35.777986|23274641159296663
2023-02-1309:17:59.029315|40318113876391099
2023-02-1310:04:11.476981|125666021224305238
2023-02-1310:13:47.904073|102522896279129354
2023-02-1310:13:47.99206|102522896279129354
2023-02-1310:14:23.817308|161644198356780364
2023-02-1310:19:58.981207|98560710734942606
2023-02-1311:08:04.029026|30067311856649290
2023-02-1311:10:34.821185|64129594572386826
2023-02-1311:43:11.799572|89604588056735522
2023-02-1312:28:23.662501|86197136612976838
2023-02-1312:34:35.614966|139283219250629644
2023-02-1312:34:35.678246|139283219250629644
2023-02-1312:39:11.055658|55681666551945450
2023-02-1312:39:11.771183|55681666551945450
2023-02-1312:40:59.733509|76784563922438173
2023-02-1312:40:59.931156|76784563922438173
2023-02-1312:41:47.986127|42464933287367385
2023-02-1312:45:47.830912|75107524466444632
2023-02-1312:46:35.7465|147758405398784200
2023-02-1216:49:35.410492|29700129241477774
2023-02-1216:55:59.559632|36331402628859418
2023-02-1217:01:11.543244|25229221581195118
2023-02-1217:14:59.056835|10086301478472088
2023-02-1306:47:47.606019|13146574349559516
2023-02-1306:53:23.28462|22228034320001497
2023-02-1306:57:59.937652|15359850317013457
2023-02-1307:01:59.832195|23836118266598666
2023-02-1307:17:11.73792|62288995919550521
2023-02-1308:05:23.209636|555444180982884568
2023-02-1308:21:47.417267|44254875875835277
2023-02-1308:45:35.614576|406997527933819934
2023-02-1309:21:36.081843|195959087397176887
2023-02-1309:27:35.821078|437482684697137780
2023-02-1309:27:47.526424|65790829027711803
2023-02-1309:33:23.552155|616965291233224437
2023-02-1309:33:24.462882|616965291233224437
2023-02-1309:36:59.60424|143193349140784521
2023-02-1310:28:35.783163|36865720926010604
2023-02-1310:40:47.575105|77656067777754067
2023-02-1310:40:48.428106|77656067777754067
2023-02-1310:44:23.749816|159108061321753675
2023-02-1310:55:35.859445|69186309009247176
2023-02-1310:58:59.107824|19906909265289159
2023-02-1311:01:59.805576|92301616828879089
2023-02-1311:48:48.085615|113147088814894559
2023-02-1311:48:48.433934|113147088814894559
2023-02-1311:50:36.493037|78297083898918768
2023-02-1312:13:11.5587|82326688958224595
2023-02-1312:48:08.918218|44179169010015622
2023-02-1314:05:23.636908|68190773860004570
2023-02-1314:08:35.856149|27495032160495773
2023-02-1314:10:59.832236|40866431613548941
2023-02-1314:14:23.887641|66905431657082902
2023-02-1314:14:24.257451|66905431657082902
2023-02-1314:16:11.820071|109810627197415056
2023-02-1314:20:35.636563|71967414552870807
2023-02-1314:08:23.779103|50635271392567556
2023-02-1314:36:34.781475|36408080222112431
2023-02-1314:45:47.623357|127184295181170699
2023-02-1314:36:23.743739|47876297133443204
2023-02-1315:05:22.671115|184457291316504591
2023-02-1315:16:23.474276|120083465708150966
2023-02-1315:16:34.870058|87200864999105142
2023-02-1315:18:47.894588|51224707127670009
2023-02-1315:18:48.082822|51224707127670009
2023-02-1315:24:22.933518|43423135601536763
2023-02-1315:24:23.656114|43423135601536763
2023-02-1315:24:24.364563|43423135601536763
2023-02-1315:38:11.595098|52130108193318440
2023-02-1316:05:47.939663|72341984884738156
2023-02-1315:44:11.759528|65622588668282987
2023-02-1316:18:24.072785|43899659314563054
2023-02-1316:37:59.66091|18743927215516071
2023-02-1316:43:36.082392|44498274998932464
2023-02-1316:24:00.047087|42849372535842133
2023-02-1316:48:35.468256|174771672741568286
2023-02-1316:48:36.389605|174771672741568286
2023-02-1316:25:22.969567|45967062615958128
2023-02-1317:00:24.096511|75423213491217296
2023-02-1316:53:23.996654|36491466268598430
2023-02-1316:53:47.992099|35298825590574763
2023-02-1317:02:23.91389|67491744513945416
2023-02-1317:29:47.179419|64527266128417755
2023-02-1317:03:11.534503|52075397068307969
2023-02-1318:03:35.319819|66331286628492728
2023-02-1317:32:11.569512|21608554898123894
2023-02-1317:33:55.637235|34275852736898562
2023-02-1317:33:56.657751|34275852736898562
2023-02-1317:33:57.659017|34275852736898562
2023-02-1317:33:58.636335|34275852736898562
2023-02-1317:44:48.218491|134888824043068870
2023-02-1317:45:00.09793|23565143715287722
2023-02-1318:14:47.844057|35572433849283410
2023-02-1318:27:46.130355|27394183007871267
2023-02-1317:52:22.625239|33062635538604081
2023-02-1317:55:59.867363|55116650303157163
2023-02-1318:27:46.991029|27394183007871267
2023-02-1318:41:12.01626|475643246017848636
2023-02-1318:46:12.051078|106174111733762586
2023-02-1319:14:23.951691|23350540512952387
2023-02-1318:47:11.663828|77992307075413613
2023-02-1319:44:59.713454|17933832311727083
2023-02-1319:20:34.880343|37897121224204817
2023-02-1319:20:47.579942|12802033174948894
2023-02-1319:21:47.730509|13936436977179158
2023-02-1319:45:11.744065|9457183295830301
2023-02-1319:49:59.370154|14938599806728936
2023-02-1319:30:24.106701|14830389634734535
2023-02-1319:31:23.800462|25174543872945300
2023-02-1320:05:21.270865|17214855962391686
2023-02-1320:10:35.615225|158119072391472563
2023-02-1320:10:46.598152|103414195745112031
2023-02-1320:10:47.446134|103414195745112031
2023-02-1320:12:11.699305|192393486129794115
2023-02-1321:13:46.358048|100166255384269475
2023-02-1321:29:01.376572|16934322281052673
2023-02-1321:32:59.124704|54211717351773658
2023-02-1321:33:00.029967|54211717351773658
2023-02-1321:34:11.442428|12042668992208216
2023-02-1321:37:35.812829|10711114198268958
2023-02-1321:40:37.01214|51942644017082405
2023-02-1322:27:58.901848|12768040259647641
2023-02-1322:29:11.77733|22051879888052107
2023-02-1322:35:11.866621|90204983318535378
2023-02-1322:38:46.96976|19178876629267429
2023-02-1322:58:22.360612|16583249643305263
2023-02-1322:58:23.267053|16583249643305263
2023-02-1323:02:11.494277|13147880096775393
2023-02-1400:22:12.035642|6337529908040638
2023-02-1400:29:11.805082|4107839231834489
2023-02-1400:29:35.122327|3284704355054456
2023-02-1400:29:35.916804|3284704355054456
2023-02-1400:30:23.531745|3409705700724665
2023-02-1400:31:23.805897|7339746476853807
2023-02-1400:34:23.887927|99762122780329158
2023-02-1400:38:59.552198|29434425866835638
2023-02-1400:48:35.519362|15514292144924064
2023-02-1400:55:35.459866|30308447900660877
2023-02-1400:57:47.861032|16488883614381815
2023-02-1401:00:23.85642|35674873751026415
2023-02-1401:03:59.558233|19298482759391407
2023-02-1401:06:23.691323|12166205656947078
2023-02-1402:00:11.562386|78468249114878684
2023-02-1402:05:11.866477|45837777945255015
2023-02-1402:05:47.626381|17052743732054492
2023-02-1402:10:47.578567|22155329982911549
2023-02-1402:16:59.067503|29897245992406447
2023-02-1402:17:59.542743|12767064312925584
2023-02-1402:21:11.924643|16489952689414055
2023-02-1402:23:11.834593|29481297557704169
2023-02-1402:24:12.076711|18449854874585394
2023-02-1402:28:11.794839|26741106102764320
2023-02-1402:31:23.203212|18119883984780004
2023-02-1402:32:35.439408|6887371515929561
2023-02-1402:44:47.751796|38564074343731332
2023-02-1403:19:35.451695|14534915655898676
2023-02-1403:51:11.943428|20474624180311540
2023-02-1403:54:11.952407|63082985392086736
2023-02-1403:55:59.854478|37118856286821190
2023-02-1404:00:47.783329|43045881002199527
2023-02-1404:10:11.910449|27208391598055635
2023-02-1404:51:23.3704|82852999554096080
2023-02-1405:01:22.87269|16319756757491898
2023-02-1405:01:23.627334|16319756757491898
2023-02-1405:15:47.765799|20727281192562011
2023-02-1405:22:12.091587|51182799142130306
2023-02-1405:22:59.923671|18327211663433208
2023-02-1405:27:48.089938|20803154215815561
2023-02-1405:34:59.988548|271651532655778965
2023-02-1406:29:59.715593|35087183217575225
2023-02-1406:33:23.741126|43995466870378186
2023-02-1406:35:23.853983|7014434119380323
2023-02-1406:39:23.561704|23006893461687293
2023-02-1407:11:11.389474|71900253276999270
2023-02-1407:27:47.243733|18105393163521491
2023-02-1407:29:59.942901|36866265079611060
2023-02-1408:12:23.549212|48172431102056174
2023-02-1408:12:24.458043|48172431102056174
2023-02-1408:12:35.40154|16130833527020232
2023-02-1408:25:59.975865|32723859581632456
2023-02-1408:30:35.618049|58976479140550617
2023-02-1408:34:34.669814|9124985028918136
2023-02-1408:38:47.469735|23702842747279616
2023-02-1408:39:47.86744|14630710714432718
2023-02-1408:43:11.570343|18173222722991701
2023-02-1408:43:35.699351|20312716180982639
2023-02-1408:48:35.685231|27987955494928641
2023-02-1408:50:59.445226|18539244828688086
2023-02-1408:56:11.623496|41718900087666428
2023-02-1409:54:23.763324|184093530061860129
2023-02-1410:02:35.973002|122469141547028901
2023-02-1410:09:47.49834|75304329799631340
2023-02-1410:20:35.930196|15940751045410539
2023-02-1410:20:58.85365|37908738667771325
2023-02-1410:23:36.027969|15909628629750064
2023-02-1313:10:11.335185|61160367822542085
2023-02-1313:24:24.096427|47412712287386008
2023-02-1320:50:47.447206|19876985247137427
2023-02-1321:02:12.028341|16458453760297382
2023-02-1321:05:35.48133|10485542136462054
2023-02-1321:06:24.100379|15113929041147712
2023-02-1321:07:12.184892|23719385020094664
2023-02-1321:11:35.225878|121117199936309550
2023-02-1321:11:36.090805|121117199936309550
2023-02-1321:43:59.582099|76903670146581468
2023-02-1321:56:35.882341|27284449157259066
2023-02-1322:05:47.887976|19086479475761375
2023-02-1322:12:11.832806|9518838771226952
2023-02-1322:16:24.176341|9639811539094241
2023-02-1322:19:58.462272|97080933991829533
2023-02-1322:19:59.294664|97080933991829533
2023-02-1322:20:11.781772|10255555420654957
2023-02-1322:23:11.605431|107894352474791393
2023-02-1322:25:47.201701|12539736651868353
2023-02-1322:25:48.053508|12539736651868353
2023-02-1323:21:11.902581|33958813900205528
2023-02-1323:21:46.472705|19514466246609482
2023-02-1323:21:47.34752|19514466246609482
2023-02-1323:22:59.148423|14942540993946144
2023-02-1323:24:35.766556|6588535047217855
2023-02-1323:34:11.904824|3928927395113354
2023-02-1323:53:47.128324|8535985252131354
2023-02-1323:53:47.98105|8535985252131354
2023-02-1323:56:35.264944|10510670358382575
2023-02-1323:58:12.087078|39861517708258303
2023-02-1400:04:11.64094|4534285998978983
2023-02-1400:19:11.901217|11716152026542600
2023-02-1401:11:23.158711|26655293148480926
2023-02-1401:15:23.482896|50199585482624927
2023-02-1401:15:35.57361|3723119488309363
2023-02-1401:17:10.847896|13412749337488905
2023-02-1401:18:47.04545|6533805933819064
2023-02-1401:19:22.874942|11600344988047681
2023-02-1401:29:58.798635|5732594640571078
2023-02-1401:29:59.784763|5732594640571078
2023-02-1401:40:47.93832|41572358980959044
2023-02-1401:42:23.499234|12286280967712876
2023-02-1401:44:23.867896|21344470135242015
2023-02-1401:54:59.702945|18256660182832057
2023-02-1402:46:45.992623|38829226170844429
2023-02-1402:50:47.97423|57786718586516126
2023-02-1402:55:35.588334|20689021270896168
2023-02-1402:56:47.345104|23771369235436536
2023-02-1402:59:35.374804|34453190696340701
2023-02-1403:01:23.10785|32877959172770227
2023-02-1403:02:47.202227|13182503646477380
2023-02-1403:05:46.924029|26996177177905054
2023-02-1403:06:48.07278|22328125526364458
2023-02-1403:08:11.567845|8490921236491923
2023-02-1403:11:11.070584|681969660231606830
2023-02-1403:16:11.454791|23829355222288680
2023-02-1404:14:36.063799|65023680753796535
2023-02-1404:16:12.114586|52710066202615885
2023-02-1404:16:37.082682|17896704942429392
2023-02-1404:23:23.510789|42477724141529379
2023-02-1404:32:23.788625|17338057114716966
2023-02-1404:40:59.614912|19011092668140658
2023-02-1404:43:47.864135|34868907380773055
2023-02-1405:59:35.994594|19191485343299143
2023-02-1406:07:23.548103|11752811512623792
2023-02-1406:08:47.875961|90759283936802196
2023-02-1406:15:47.795873|26510340537014075
2023-02-1406:17:34.924519|4417503957179495
2023-02-1406:20:59.789365|12371028953976167
2023-02-1406:21:23.437279|30986080915682430
2023-02-1406:22:59.12253|20703458045821286
2023-02-1407:30:12.05516|29299267708794022
2023-02-1407:31:22.769781|10727994106796867
2023-02-1407:49:11.469623|30801216746401016
2023-02-1407:50:35.651717|71024828500527651
2023-02-1407:50:59.381258|9383951701459730
2023-02-1408:03:11.491994|31166026941635923
2023-02-1408:03:23.867564|7061394859557011
2023-02-1409:01:59.75279|59953668952188995
2023-02-1409:02:47.472961|38115988198595726
2023-02-1409:03:23.312739|18825686679958562
2023-02-1409:03:35.722558|18253951439884240
2023-02-1409:05:23.18549|27945599981677969
2023-02-1409:09:35.396375|31311941444769592
2023-02-1409:09:47.922361|23689073752665327
2023-02-1410:32:59.684261|23336750967032929
2023-02-1319:55:11.954525|33863277557984979
2023-02-1410:33:11.573425|8834388458181364
2023-02-1319:56:23.396778|37575427468577054
2023-02-1319:56:24.269671|37575427468577054
2023-02-1410:33:35.971917|27209850842668772
2023-02-1319:59:47.721859|17428238198865994
2023-02-1411:42:11.019379|44183634926500257
2023-02-1410:35:23.888029|23300431908305681
2023-02-1410:40:59.892971|39497399937080344
2023-02-1410:45:11.016725|30007459795283292
2023-02-1410:45:35.277137|26990386655779902
2023-02-1410:51:23.625358|36151804816418029
2023-02-1410:52:47.633644|34182241391657217
2023-02-1410:52:59.195656|27488595293909949
2023-02-1411:45:11.555276|20111204239189777
2023-02-1410:55:47.790329|47547014455595466
2023-02-1411:55:35.524815|28272384829117070
2023-02-1412:00:35.777788|19188401836791081
2023-02-1411:06:34.103693|38476019625039049
2023-02-1411:06:35.160338|38476019625039049
2023-02-1411:06:47.371244|15431159299967873
2023-02-1412:17:11.690128|9684861907282996
2023-02-1412:18:35.190158|29380104770263946
2023-02-1412:19:11.349673|21457862931413975
2023-02-1411:20:23.615674|30071583533794620
2023-02-1412:21:11.753028|14300827036120177
2023-02-1412:21:23.475798|9954177839577012
2023-02-1412:24:35.798534|15072365986145839
2023-02-1413:30:36.052038|33315988189043112
2023-02-1412:31:11.225559|27529104621070353
2023-02-1412:31:35.729961|10472477139742971
2023-02-1413:36:11.292361|43253492637144341
2023-02-1412:38:35.830215|14483116425864032
2023-02-1412:39:24.006888|41472406490459594
2023-02-1413:36:59.783016|48583169185755117
2023-02-1413:46:22.237836|35101542388361975
2023-02-1412:45:00.875668|38208397740227952
2023-02-1412:46:23.548034|14773411305684737
2023-02-1413:46:22.939945|35101542388361975
2023-02-1413:46:23.634706|35101542388361975
2023-02-1413:51:11.45782|32023269151392149
2023-02-1413:56:59.768876|53096654540829732
2023-02-1414:16:47.216155|37146553225330530
2023-02-1413:11:58.393641|27355686978691382
2023-02-1413:14:47.524909|34258939008225342
2023-02-1413:21:23.385815|37334316371231659
2023-02-1414:21:23.768703|40581629378754425
2023-02-1415:25:23.864276|39731387237944185
2023-02-1414:28:47.853788|20919991639817080
2023-02-1414:30:22.867814|60112728374776971
2023-02-1414:45:47.589021|33279606454869616
2023-02-1414:51:47.546905|138223899879036577
2023-02-1415:35:34.619003|43984542523847167
2023-02-1415:39:47.315457|16406695912649246
2023-02-1415:54:48.179992|42512129464433541
2023-02-1415:06:34.54537|76319893844326913
2023-02-1415:11:12.083203|20503909319215460
2023-02-1416:08:59.559047|24358596459071981
2023-02-1415:16:59.397842|66136086350412390
2023-02-1416:09:00.328968|24358596459071981
2023-02-1416:09:23.893768|36628675438014584
2023-02-1416:55:47.594886|29294252181604906
2023-02-1416:27:35.34976|31084731668040455
2023-02-1416:32:11.759743|21007303326556079
2023-02-1416:57:00.256141|89025642167276713
2023-02-1416:57:59.740212|45018103518624099
2023-02-1417:03:35.913807|14492217899245484
2023-02-1416:37:35.555756|11641342553791285
2023-02-1416:37:36.314826|11641342553791285
2023-02-1416:38:11.747791|56055332271445763
2023-02-1417:10:23.828825|15061494438528920
2023-02-1416:47:47.541395|14229251418953783
2023-02-1416:51:48.439732|10811255482234091
2023-02-1416:51:59.707976|56648660726646299
2023-02-1416:52:35.866385|38191374336713446
2023-02-1417:14:23.940317|30870817261998012
2023-02-1416:53:59.488928|83094866740336593
2023-02-1417:15:59.978646|11949786987963068
2023-02-1417:18:47.963479|12710769142464477
2023-02-1417:30:23.583911|57251364306241395
2023-02-1417:31:47.555945|7538173691302565
2023-02-1417:31:48.264303|7538173691302565
2023-02-1417:23:35.864155|46629386461805114
2023-02-1418:36:48.105088|7779748064019442
2023-02-1417:46:35.399183|68278964055121605
2023-02-1417:49:58.066165|42267822735708139
2023-02-1418:39:35.721785|23232994117001609
2023-02-1419:01:12.534467|118493579754271917
2023-02-1418:07:46.985287|9590291057822221
2023-02-1418:07:47.719739|9590291057822221
2023-02-1418:09:00.047315|25479464383542821
2023-02-1418:09:59.383655|23450365559823450
2023-02-1418:10:00.102866|23450365559823450
2023-02-1418:15:11.587332|14754310626359472
2023-02-1418:18:59.261674|54486263588021786
2023-02-1418:25:47.900185|25069656340139239
2023-02-1419:05:47.783357|33340318667296177
2023-02-1419:07:35.953801|15040408865940107
2023-02-1420:13:23.40203|13145950130835169
2023-02-1419:23:59.866701|47891753132867788
2023-02-1419:26:35.532605|23256303059829062
2023-02-1419:38:59.561533|57149508391981104
2023-02-1420:16:00.347368|45437732086904670
2023-02-1420:22:59.598186|4497576417739740
2023-02-1419:39:59.82786|45896203159925204
2023-02-1419:46:11.483768|8754023971850706
2023-02-1419:47:59.969692|12099261348060581
2023-02-1419:48:59.646592|8693767104012348
2023-02-1419:55:23.374617|43471592831749042
2023-02-1419:55:35.68633|133485707507672702
2023-02-1419:55:47.660586|9793756628046576
2023-02-1419:56:59.408757|37060614521857132
2023-02-1419:57:35.749321|46427150684283689
2023-02-1420:04:59.679831|173268070180362635
2023-02-1420:07:47.603096|69708649228374066
2023-02-1420:08:47.549568|59609023154653630
2023-02-1420:12:11.866232|112886779990804986
2023-02-1421:58:23.845906|22206957706359021
2023-02-1422:04:47.556887|13416238626180534
2023-02-1422:04:59.956943|34046580377963037
2023-02-1422:10:11.505878|47578960373841193
2023-02-1422:20:58.790152|55198449094055782
2023-02-1422:29:47.710143|6678780383607342
2023-02-1422:47:11.424753|12379063747490559
2023-02-1423:36:35.987855|24850722765435035
2023-02-1423:40:23.793688|5357023276841357
2023-02-1423:44:11.615328|17248121634168811
2023-02-1423:46:22.952664|7955919170177789
2023-02-1423:47:35.673788|8713730812998003
2023-02-1423:49:47.901986|8150706492445613
2023-02-1423:52:34.644818|43819607357226913
2023-02-1423:57:35.148513|24378956756435605
2023-02-1500:07:47.039235|19888660241952542
2023-02-1500:10:35.815239|12329005404931096
2023-02-1500:12:23.519504|11999770750721013
2023-02-1500:15:34.772589|50985893607970884
2023-02-1500:15:35.719422|50985893607970884
2023-02-1500:18:23.401823|12729160197232924
2023-02-1500:18:47.484969|8699699662550225
2023-02-1500:18:48.323488|8699699662550225
2023-02-1500:24:46.554486|29645178529760761
2023-02-1500:32:22.175509|4202001285902417
2023-02-1500:32:22.890707|4202001285902417
2023-02-1500:32:23.612351|4202001285902417
2023-02-1500:32:59.300025|11150900251136414
2023-02-1500:36:12.145793|2745363383705445
2023-02-1500:36:11.39424|2745363383705445
2023-02-1500:40:35.892866|4006539150492152
2023-02-1500:41:47.506877|5855991677098623
2023-02-1500:44:59.378699|8389952058323756
2023-02-1500:45:00.337593|8389952058323756
2023-02-1500:47:47.853089|5437057189168361
2023-02-1500:52:35.730916|17882419568158301
2023-02-1500:58:11.263588|93695755164757060
2023-02-1501:01:22.366208|82426033756533648
2023-02-1501:01:58.535876|70076043581925639
2023-02-1501:01:59.496431|70076043581925639
2023-02-1501:03:46.545738|34065275205741939
2023-02-1501:03:47.536335|34065275205741939
2023-02-1501:06:10.981489|19126001929406581
2023-02-1501:07:47.751832|13004188783638822
2023-02-1501:08:59.919709|66593498791405659
2023-02-1501:09:47.886643|26734318884100355
2023-02-1501:11:23.941085|7600870541763563
2023-02-1501:15:23.775654|8767419100470439
2023-02-1501:20:35.965041|18334429501685909
2023-02-1501:53:23.735546|9812750869720241
2023-02-1501:55:11.346746|59093502282999355
2023-02-1501:55:34.828992|29083469066238648
2023-02-1502:11:35.18201|12686603368868506
2023-02-1502:26:23.816506|26725831419509261
2023-02-1502:26:35.446474|17678566299389370
2023-02-1502:28:59.397445|18017740275411691
2023-02-1502:34:35.608081|27896355500300231
2023-02-1502:38:46.746045|28316725510754553
2023-02-1502:45:35.359121|46796452059477872
2023-02-1502:46:23.125609|15864213337878898
2023-02-1502:47:35.946659|18238495369084148
2023-02-1503:34:11.252798|33671284598063611
2023-02-1503:49:34.770051|25297895608129268
2023-02-1503:51:47.886854|14882373320026820
2023-02-1503:53:35.774483|28790016116147577
2023-02-1503:58:11.415152|20105349732298373
2023-02-1503:59:35.467042|16485307045388850
2023-02-1504:01:48.122144|39979518460899293
2023-02-1504:03:12.065207|9166250576537109
2023-02-1504:07:35.483107|22303304077011203
2023-02-1504:17:23.65595|17669334273037246
2023-02-1504:17:59.898069|15571622659677112
2023-02-1504:18:59.675072|34949979028179955
2023-02-1505:02:11.551072|15114031578591665
2023-02-1505:03:35.838439|27557981020214185
2023-02-1505:06:47.546032|40189377426029437
2023-02-1505:14:47.77988|43716353222680526
2023-02-1505:24:20.514574|30851113654522505
2023-02-1505:26:59.915395|26360953882347167
2023-02-1505:27:00.712559|26360953882347167
2023-02-1505:33:23.838928|26617077947476845
2023-02-1505:41:11.457027|28640791025927949
2023-02-1506:26:12.064153|29528610487442235
2023-02-1506:26:24.155892|24694596016480535
2023-02-1506:29:11.905736|30486897497750255
2023-02-1409:23:11.79403|41867685391148278
2023-02-1409:23:35.824411|36952568220670014
2023-02-1421:06:59.478361|37340321080160394
2023-02-1421:09:11.769535|155514072775419054
2023-02-1421:15:59.880912|60495858459458298
2023-02-1421:18:11.147506|52957668475766765
2023-02-1421:20:23.945766|6288317970042932
2023-02-1421:20:35.74874|49383438378230261
2023-02-1421:21:59.547379|50112349315037967
2023-02-1421:23:11.985701|35861496429328276
2023-02-1421:27:47.44601|44396414265841101
2023-02-1421:29:11.22276|40632300796200397
2023-02-1421:34:12.010055|55373959535264975
2023-02-1421:45:00.260078|52468603382278635
2023-02-1421:45:35.442382|40622711649799397
2023-02-1422:51:47.094985|66971153923382737
2023-02-1422:52:11.246541|76487177748135258
2023-02-1422:53:59.772819|7746094311797068
2023-02-1422:55:11.493697|28121842380954663
2023-02-1422:55:35.462605|16282356437215884
2023-02-1422:56:11.559162|7221423166188899
2023-02-1422:58:47.552543|34695053373864498
2023-02-1422:58:46.784189|34695053373864498
2023-02-1423:00:11.052152|35535674295804925
2023-02-1423:03:47.91975|767912073070256062
2023-02-1423:06:47.829909|71819963308004432
2023-02-1423:08:23.605042|11944987801511245
2023-02-1423:09:59.924426|16812073183973711
2023-02-1423:11:47.578639|7695327480227445
2023-02-1423:12:59.518966|17306290405608794
2023-02-1423:16:11.200052|5189261491807683
2023-02-1423:17:11.320736|6775324419516425
2023-02-1423:26:10.733027|2252444445531155
2023-02-1423:26:11.564385|2252444445531155
2023-02-1423:26:35.743849|6347053605801657
2023-02-1423:31:11.637755|7308829625860759
2023-02-1501:21:35.56782|5624440620694931
2023-02-1501:26:47.737114|101139223545191899
2023-02-1501:29:11.620143|7569884219518629
2023-02-1501:37:23.087965|36239031744495394
2023-02-1501:39:23.379135|37386979069039330
2023-02-1501:41:11.251392|20329304284781482
2023-02-1501:41:23.943861|25001142237536854
2023-02-1501:41:47.080681|7560443582549715
2023-02-1501:46:11.345995|29744770839301697
2023-02-1501:47:11.762971|27132629749713758
2023-02-1501:48:11.0549|10036823049303699
2023-02-1501:48:11.864373|10036823049303699
2023-02-1501:48:35.329124|26815316996283757
2023-02-1502:48:23.89248|30169590158970753
2023-02-1502:50:35.640329|58350397597525196
2023-02-1502:50:36.541847|58350397597525196
2023-02-1502:59:00.003853|27018503133094362
2023-02-1503:10:47.19351|19459739428630137
2023-02-1503:11:00.179838|27687202370424205
2023-02-1503:11:36.101884|11505764971404001
2023-02-1503:15:48.146222|21157125472833029
2023-02-1503:16:47.822164|15322050503867876
2023-02-1503:19:35.760592|78902552122167322
2023-02-1503:20:59.178065|29320116763624690
2023-02-1503:33:47.79241|22710317386756422
2023-02-1504:24:35.641166|40959999366107616
2023-02-1504:31:12.065823|37018973136304254
2023-02-1504:34:59.447671|25416749873016115
2023-02-1504:35:11.396567|38883624827260234
2023-02-1504:35:23.638437|30719359956146872
2023-02-1504:40:47.711567|11844507710941585
2023-02-1504:42:22.990234|36611874035113077
2023-02-1504:42:23.792449|36611874035113077
2023-02-1504:42:24.596456|36611874035113077
2023-02-1504:42:48.058608|39789987774736909
2023-02-1504:52:12.068746|69542072650537309
2023-02-1505:51:47.961326|20898958781714990
2023-02-1505:52:47.648907|15319474771336504
2023-02-1505:55:47.872677|55170793350795457
2023-02-1506:01:59.641559|44112681946939094
2023-02-1506:02:35.425892|15113748443555511
2023-02-1506:03:23.446525|24682611338916756
2023-02-1420:24:23.759345|6050722920887759
2023-02-1420:25:23.946713|48273891425313385
2023-02-1420:27:59.76599|46930441476368680
2023-02-1420:28:12.046779|43996379737871058
2023-02-1420:31:59.415807|72340398532729051
2023-02-1506:36:47.282959|10843876004461275
2023-02-1420:38:23.857311|193116400434808130
2023-02-1506:38:48.055768|18638112737489553
2023-02-1420:39:47.796826|51073385199865131
2023-02-1420:45:47.916994|49125467432332413
2023-02-1506:51:22.400754|41318404563013093
2023-02-1507:02:24.976686|82861707071555808
2023-02-1420:48:11.687724|45801078653352513
2023-02-1507:28:36.788712|33961013120922823
2023-02-1507:18:35.346024|31809090030987372
2023-02-1507:36:59.150916|76655598513071039
2023-02-1507:37:11.845967|271695408750723861
2023-02-1508:03:58.246022|40667642568764456
2023-02-1507:40:10.952999|23597573764164086
2023-02-1507:46:23.740723|64352063799027041
2023-02-1508:08:23.609159|47170979867419371
2023-02-1508:08:35.917078|34378216348174325
2023-02-1508:14:11.908341|38669277555288702
2023-02-1507:48:59.759751|65325903384419622
2023-02-1508:14:47.44776|56342671518322070
2023-02-1507:49:11.703941|43347091244382765
2023-02-1507:51:11.671563|36441362957440433
2023-02-1507:57:11.946065|44259906610436596
2023-02-1508:56:47.543615|37594208263267512
2023-02-1508:37:59.286152|27295479322928343
2023-02-1508:58:00.070366|17496789698029943
2023-02-1509:15:59.681883|41702721059542545
2023-02-1509:42:47.215102|92936133036331509
2023-02-1509:20:35.347173|73386261394729660
2023-02-1510:43:23.85053|27215335271938859
2023-02-1510:12:11.038858|127886465646581804
2023-02-1510:12:35.447221|48482508713640045
2023-02-1510:16:12.415563|26457437747967698
2023-02-1510:47:11.579954|54149808082365102
2023-02-1510:53:35.264855|41037375474061924
2023-02-1510:55:11.582093|111021197727238612
2023-02-1511:29:24.14751|91216408260238313
2023-02-1511:11:47.925959|29015287419075380
2023-02-1511:35:35.872111|23286408600255499
2023-02-1511:39:36.410945|21542697935636659
2023-02-1511:52:35.683428|59446130904763905
2023-02-1511:52:40.515049|13251424265258648
2023-02-1511:53:23.969534|29231190064940864
2023-02-1511:16:23.446678|58075908857299554
2023-02-1512:29:11.920061|38427274642036318
2023-02-1512:07:22.966203|303648919544794633
2023-02-1512:07:23.92848|303648919544794633
2023-02-1512:30:35.060437|56848396444548044
2023-02-1512:12:11.633569|21657050955140588
2023-02-1512:34:59.845792|38979694456137719
2023-02-1512:40:23.381527|126429503095702224
2023-02-1512:45:24.146928|68474121028779687
2023-02-1512:50:23.047125|249794601635859453
2023-02-1513:19:00.046192|39694121674731462
2023-02-1513:57:59.716003|79445895189729886
2023-02-1513:26:47.348474|34549263060612231
2023-02-1513:34:59.540084|29835005311437713
2023-02-1514:00:47.352619|97928404501178471
2023-02-1514:01:23.446763|39895500491997921
2023-02-1514:30:23.995878|63799358726296126
2023-02-1515:25:11.188205|55403353206962832
2023-02-1516:22:11.881378|16261783364081415
2023-02-1516:33:11.784381|29774273478338079
2023-02-1516:42:00.123397|70794484331105530
2023-02-1516:48:59.745341|37899416571254643
2023-02-1517:01:11.969613|15049617715383326
2023-02-1518:12:00.1371|21512478379758508
2023-02-1518:12:47.845513|29416777301574937
2023-02-1518:15:35.710053|60189306034900580
2023-02-1518:17:59.180823|10562249895469839
2023-02-1518:23:11.656394|7743845897013438
2023-02-1518:26:12.164768|10072817498395075
2023-02-1518:26:23.76006|6634209120109726
2023-02-1518:30:59.589836|64944693967442110
2023-02-1518:36:35.481638|14398327606704077
2023-02-1518:40:47.80858|23990791938187653
2023-02-1518:42:47.649511|35146212326196058
2023-02-1518:45:00.482457|52071008318359061
2023-02-1518:48:35.908619|43570765522054992
2023-02-1518:49:23.993292|10139736442841568
2023-02-1518:49:35.99528|6717378816215241
2023-02-1518:53:59.962941|207541799416800256
2023-02-1519:12:59.863868|151603460873829232
2023-02-1519:30:23.509219|53155119464417515
2023-02-1519:34:48.069854|12007851679360073
2023-02-1519:35:23.910599|173328199338400333
2023-02-1519:36:23.770714|14906236567117639
2023-02-1519:40:11.520756|29240705639241291
2023-02-1519:40:23.272821|11505434360180323
2023-02-1519:50:23.624945|18000152374003440
2023-02-1519:51:48.769481|63394170062815676
2023-02-1520:42:47.351077|50701707323585123
2023-02-1520:42:48.210757|50701707323585123
2023-02-1520:47:12.080343|10268139345253913
2023-02-1520:55:00.175871|95626039115705747
2023-02-1520:56:59.550375|46342568333244289
2023-02-1520:58:23.956928|52705879973505294
2023-02-1521:01:22.58786|66339803903332517
2023-02-1521:03:23.939679|20800194244208801
2023-02-1521:04:11.273263|23798683724259087
2023-02-1521:10:36.154528|30864464072345350
2023-02-1522:18:21.267945|5592632987184904
2023-02-1522:25:44.082633|88776124087342509
2023-02-1522:39:59.728096|15233785074306313
2023-02-1522:43:35.814029|5250385945524062
2023-02-1600:12:59.477126|50925387030628935
2023-02-1600:13:22.976929|23315104795452969
2023-02-1600:16:22.729135|98162358337518149
2023-02-1600:19:35.570148|8266839392385810
2023-02-1600:19:58.931129|25461358451205702
2023-02-1600:23:11.656119|6161406081554068
2023-02-1600:24:34.87416|19072930742436713
2023-02-1600:28:11.974037|8432244787521211
2023-02-1600:35:47.924197|2744511802117874
2023-02-1600:42:23.846981|53214470406989885
2023-02-1600:49:00.047817|15897095296126381
2023-02-1601:44:59.569864|59574478571437529
2023-02-1601:52:47.562165|10767436827041729
2023-02-1506:05:23.773902|57633050324370870
2023-02-1506:06:35.347704|44568713369422092
2023-02-1506:08:47.839971|88773969740167373
2023-02-1506:14:47.834463|18484072148033582
2023-02-1506:14:59.548993|48066078823600716
2023-02-1506:15:24.142919|25881417686776527
2023-02-1515:41:11.820584|43138880316105827
2023-02-1515:54:23.5318|60056554069280103
2023-02-1515:56:23.837561|149626010263990274
2023-02-1517:15:35.970368|50381078019865020
2023-02-1517:23:47.411105|12055905419215667
2023-02-1517:26:00.04862|25984720803944644
2023-02-1517:39:35.843127|10967966600492281
2023-02-1517:54:46.118042|14827959816483018
2023-02-1517:54:46.942456|14827959816483018
2023-02-1517:54:47.664569|14827959816483018
2023-02-1517:55:59.782512|13437329377618430
2023-02-1517:56:12.074337|11868646857642534
2023-02-1519:53:47.613854|6469977818138405
2023-02-1519:56:47.659748|7211763074649333
2023-02-1519:59:23.95535|22868158913720734
2023-02-1520:01:35.763532|19548901525866869
2023-02-1520:01:34.787304|19548901525866869
2023-02-1520:02:11.440621|22687484572723943
2023-02-1520:02:47.65492|10835362214134093
2023-02-1520:05:11.905087|16844592528997906
2023-02-1520:09:47.49868|56078463573366185
2023-02-1520:10:35.866969|16865644798684290
2023-02-1520:17:59.928715|39933076102739190
2023-02-1520:18:11.889312|46639982104752832
2023-02-1520:18:12.743728|46639982104752832
2023-02-1520:25:35.516987|11395787748986589
2023-02-1520:25:36.337688|11395787748986589
2023-02-1520:32:23.469467|27123803817861725
2023-02-1520:33:35.784513|40267341307135291
2023-02-1521:25:46.861991|14267992320784668
2023-02-1521:25:47.663844|14267992320784668
2023-02-1521:25:45.997545|14267992320784668
2023-02-1521:26:47.890838|14000302322575207
2023-02-1521:37:58.585969|43156396691816878
2023-02-1521:37:59.499714|43156396691816878
2023-02-1521:39:11.934886|52165423897335563
2023-02-1521:54:53.28256|19852268213721923
2023-02-1521:57:23.590116|58871271722822462
2023-02-1523:05:59.770078|52378326067998927
2023-02-1523:06:23.655437|44204248518479405
2023-02-1523:08:59.274719|34421514293171357
2023-02-1523:15:47.19983|31324144668481301
2023-02-1523:15:47.966586|31324144668481301
2023-02-1523:28:35.820818|829655558603028960
2023-02-1523:29:11.943686|15234979633235315
2023-02-1523:34:35.608275|34708843878152013
2023-02-1523:36:35.531864|6026433700179782
2023-02-1523:36:36.253646|6026433700179782
2023-02-1523:42:59.55378|16369588240280571
2023-02-1523:44:11.526606|23338346463624948
2023-02-1523:49:47.262341|9807957735370233
2023-02-1523:54:23.128926|6217237847201817
2023-02-1523:57:35.648086|8227564742815825
2023-02-1523:57:36.543801|8227564742815825
2023-02-1523:58:35.56482|2316474855799462
2023-02-1523:58:36.46559|2316474855799462
2023-02-1601:00:59.983531|15187321693197848
2023-02-1601:03:23.370416|35215778716129831
2023-02-1601:04:48.074862|6725217572751506
2023-02-1601:10:11.171809|32683416834693880
2023-02-1601:19:00.042738|24866715462350775
2023-02-1601:21:47.771461|54814429966544456
2023-02-1601:26:59.593459|38230274292253920
2023-02-1601:29:11.271534|36153203675863909
2023-02-1601:34:23.883303|14872340117037063
2023-02-1514:32:47.440002|61792575638336747
2023-02-1602:59:59.07894|85951480750042474
2023-02-1603:03:23.42135|157542355249694687
2023-02-1603:05:23.973655|69290455023188011
2023-02-1602:07:35.902823|18300194302195113
2023-02-1603:05:59.740322|19254190457334140
2023-02-1602:11:47.568006|21172847000833099
2023-02-1603:10:59.746245|37336055660330642
2023-02-1602:12:35.674344|10553903302015313
2023-02-1602:15:35.378016|37556424616390439
2023-02-1603:12:12.100584|24771337319142823
2023-02-1602:17:24.12625|11670307464593614
2023-02-1603:14:35.949415|12320572453443959
2023-02-1603:19:47.964975|21831241213128365
2023-02-1603:34:47.71133|65754857899769686
2023-02-1603:23:23.940387|12711038812200414
2023-02-1604:06:24.032517|4522284365132275
2023-02-1603:47:59.83759|15072205858328447
2023-02-1604:22:36.227493|123656649362656393
2023-02-1603:50:59.459721|15737882972816447
2023-02-1603:51:47.672746|25739175317530703
2023-02-1603:53:47.353935|9342366881874741
2023-02-1604:27:47.370962|7759861508108334
2023-02-1604:00:35.473336|58759058097903024
2023-02-1604:00:47.383311|26051631307354832
2023-02-1604:28:47.773904|24912119998388828
2023-02-1604:06:11.864765|10744731939386108
2023-02-1604:30:35.681621|60701110235026132
2023-02-1604:51:59.843955|21973189720069095
2023-02-1604:33:59.453901|13801671153213841
2023-02-1604:35:47.812599|11878645968394898
2023-02-1604:38:23.790441|15466597246636169
2023-02-1604:52:59.568934|8511056622237941
2023-02-1604:57:11.606635|9433009870938034
2023-02-1604:39:47.270513|85466274568079137
2023-02-1604:42:12.254647|7562138782164663
2023-02-1605:47:24.183339|32871769164699743
2023-02-1605:06:59.574396|127586763963221724
2023-02-1605:50:11.780379|68971656544341412
2023-02-1606:03:34.976698|20819738010514118
2023-02-1605:22:11.476133|39039689643676646
2023-02-1606:24:23.625416|146376008214622328
2023-02-1605:28:35.918219|69115025556255316
2023-02-1605:38:00.09899|63203911551524443
2023-02-1606:27:47.455527|17641050527517628
2023-02-1606:29:35.92721|211071278232839512
2023-02-1606:31:47.935849|22050447563426924
2023-02-1606:32:35.686843|11162956616722078
2023-02-1606:48:12.01408|54951366449801771
2023-02-1606:36:10.613042|40341438270401497
2023-02-1606:51:36.549787|16886433492219006
2023-02-1606:51:47.470771|74602876674212825
2023-02-1606:52:11.212212|90447904968569963
2023-02-1606:52:36.752624|45186881527732365
2023-02-1606:36:11.540975|40341438270401497
2023-02-1607:29:47.636822|11584060543742683
2023-02-1606:53:32.477554|24443786725494195
2023-02-1607:35:48.086965|41014294878106683
2023-02-1606:55:23.569622|74950083402663400
2023-02-1607:39:23.790966|67811576621844187
2023-02-1607:17:47.370771|287800532187454128
2023-02-1607:18:23.774573|54898588106411852
2023-02-1607:40:35.613735|48821671046017107
2023-02-1607:45:11.596816|266859145871466486
2023-02-1608:17:11.493665|83774028509145180
2023-02-1607:45:47.76095|30951454035473793
2023-02-1608:03:11.163729|70985627605438234
2023-02-1608:28:36.01494|44337222271721177
2023-02-1608:34:59.882501|23927361212907888
2023-02-1608:36:11.895463|21647878018717253
2023-02-1609:15:35.952483|31646779038445426
2023-02-1608:43:47.969127|10955844751263752
2023-02-1608:44:47.456762|31212931682343729
2023-02-1608:46:10.994051|62222858885643251
2023-02-1608:51:11.596269|39334418726980472
2023-02-1609:36:34.912434|21207738847334916
2023-02-1609:00:11.044791|70033860389920245
2023-02-1609:50:59.538487|51603935667916741
2023-02-1609:54:11.555996|167745552317014184
2023-02-1609:37:47.657578|17692905565810228
2023-02-1609:44:11.875485|32851033639688722
2023-02-1610:00:23.810982|74001548943237092
2023-02-1610:03:59.211352|25485952049672030
2023-02-1609:50:11.759377|89012387374875827
2023-02-1610:06:11.836521|16374231822983156
2023-02-1610:11:11.77398|56522410870547130
2023-02-1610:12:35.634554|44103361511525832
2023-02-1610:34:11.670893|126536872695931847
2023-02-1610:13:47.500639|68624939544311585
2023-02-1610:56:35.519562|29158726085128072
2023-02-1610:23:11.6865|51744834775429074
2023-02-1610:58:35.779292|13374192832744517
2023-02-1610:24:11.401992|73584775902378977
2023-02-1611:09:59.998394|67655788524894504
2023-02-1610:26:59.76871|41574074685027754
2023-02-1610:28:23.322749|94320007263319648
2023-02-1610:30:11.696826|91794120994872361
2023-02-1611:13:47.014654|14522099800075651
2023-02-1610:31:23.862524|86412893055220752
2023-02-1611:17:59.68496|61028613942827542
2023-02-1611:44:47.527109|17622085043802897
2023-02-1611:23:11.585834|62778834986063334
2023-02-1611:56:11.705826|70312686670266841
2023-02-1611:36:12.049968|27530212228517667
2023-02-1612:08:35.975701|24507476716424695
2023-02-1612:46:23.872604|42563473887262474
2023-02-1612:18:11.850404|33119715581224708
2023-02-1612:19:11.725319|21359346372008771
2023-02-1612:20:12.16639|18521435885019332
2023-02-1613:04:58.470239|14498294351570880
2023-02-1612:21:59.45536|49674050026946025
2023-02-1612:22:11.789924|24344078982064590
2023-02-1612:23:22.822501|61731626387893430
2023-02-1612:23:23.651882|61731626387893430
2023-02-1612:28:11.864905|38686402032644562
2023-02-1612:28:22.878574|24367532410964888
2023-02-1613:16:35.531374|113706112056334695
2023-02-1612:36:23.877968|12734611153987944
2023-02-1612:39:47.424538|19120444057388580
2023-02-1613:18:47.855979|71809724852166435
2023-02-1612:42:23.449261|14423884673250398
2023-02-1612:42:24.279098|14423884673250398
2023-02-1613:19:35.859104|31338901955742489
2023-02-1613:37:46.627263|116880663844618748
2023-02-1613:37:47.674573|116880663844618748
2023-02-1613:27:34.677518|128466636768572864
2023-02-1613:52:35.72563|90411131040978300
2023-02-1613:28:23.060381|90656600464959058
2023-02-1613:56:46.814456|128073921029173381
2023-02-1613:28:23.753186|90656600464959058
2023-02-1614:50:35.625452|24894928368241658
2023-02-1613:59:23.438279|212784334669212453
2023-02-1614:09:23.973815|15545407585517959
2023-02-1614:51:36.21188|20662623587300322
2023-02-1614:17:47.888745|20358857786385795
2023-02-1614:53:47.681078|41679817046104193
2023-02-1614:20:24.461487|88981041624814461
2023-02-1614:55:47.647859|46235219135747477
2023-02-1615:08:59.498661|34432405246302685
2023-02-1615:09:11.799351|92309804770529401
2023-02-1615:10:46.347316|47324604688400034
2023-02-1615:26:59.257356|63284695533134229
2023-02-1615:11:23.198955|47153905390178652
2023-02-1615:31:11.687427|69774610670791317
2023-02-1615:13:11.191405|118128242925498194
2023-02-1615:14:11.553109|64819670905318129
2023-02-1616:01:23.331401|50293318352507513
2023-02-1616:01:24.05433|50293318352507513
2023-02-1616:13:47.282279|123490301579020000
2023-02-1615:49:59.730955|48184045564941307
2023-02-1615:50:00.540849|48184045564941307
2023-02-1615:50:35.600676|164535134285498466
2023-02-1615:51:12.001741|86857453459415303
2023-02-1615:52:11.701291|63746659700231556
2023-02-1616:15:35.899527|69288839718564128
2023-02-1616:15:47.859457|53477961562792941
2023-02-1615:52:24.15223|13533709407311988
2023-02-1615:54:35.244472|211487623379753120
2023-02-1616:18:11.476422|35485568835661306
2023-02-1615:56:47.290852|448527811743279434
2023-02-1615:56:48.253241|448527811743279434
2023-02-1616:24:59.733817|32376411353605000
2023-02-1616:28:59.093696|8045871153113486
2023-02-1616:29:11.864452|33923916843932917
2023-02-1616:56:47.946316|17766054385611256
2023-02-1616:29:23.96857|21893775830338900
2023-02-1616:34:59.76267|9831946922414623
2023-02-1616:45:59.694891|9766443464298212
2023-02-1617:00:23.853505|22526792645415453
2023-02-1616:46:00.4446|9766443464298212
2023-02-1617:57:35.152189|29515076449761568
2023-02-1617:08:23.955885|60054229888934002
2023-02-1617:11:23.739979|47426731734506263
2023-02-1618:00:11.856943|220235323724067592
2023-02-1617:25:59.855551|11520774746834282
2023-02-1617:38:00.021557|50763095745850570
2023-02-1618:00:12.551278|220235323724067592
2023-02-1618:01:47.390237|31332920190489474
2023-02-1617:39:23.69497|73979094896742378
2023-02-1617:41:23.75624|71994511525427316
2023-02-1618:37:00.103868|24360014829870768
2023-02-1618:50:23.684183|29445878673190295
2023-02-1618:51:47.981562|66613760268481855
2023-02-1618:52:23.236391|46730489003226167
2023-02-1618:57:59.460373|60836754391090338
2023-02-1619:08:59.582188|93520591678962455
2023-02-1619:22:10.782388|32667407597914024
2023-02-1619:22:11.537396|32667407597914024
2023-02-1619:25:46.683976|24889721327841262
2023-02-1619:28:35.580297|53511432842625551
2023-02-1620:20:11.785678|66255217308720378
2023-02-1620:25:58.882477|31082501880279069
2023-02-1620:39:11.958695|69426684840947802
2023-02-1620:40:35.969252|41874923198769959
2023-02-1620:40:48.198237|16534211287707475
2023-02-1620:48:59.990121|37785311534286057
2023-02-1620:49:24.083127|19897004016989884
2023-02-1620:57:47.184614|34777708360351266
2023-02-1621:06:11.200076|73428406109609588
2023-02-1622:11:11.906583|27088293862018966
2023-02-1622:12:11.783002|29685153505669225
2023-02-1622:17:11.693268|101864220152976865
2023-02-1622:20:59.978629|30326876103479046
2023-02-1622:24:23.770597|42279783478539198
2023-02-1622:25:47.685484|13030804000763001
2023-02-1622:25:59.964662|13241653237979438
2023-02-1622:29:47.516007|51170826150744006
2023-02-1622:37:48.021907|72386434364650357
2023-02-1622:40:22.888424|463156067727352872
2023-02-1623:06:47.339371|53320698358235131
2023-02-1700:03:23.76672|46148368776771374
2023-02-1700:11:11.309921|91951132081022492
2023-02-1700:21:23.967545|20917840614984332
2023-02-1700:29:11.411442|27330032649222507
2023-02-1700:31:47.98289|64997639740738208
2023-02-1700:31:59.779108|6986966827016541
2023-02-1700:37:47.651803|17538637385424482
2023-02-1700:45:35.632539|41594494769270030
2023-02-1700:48:35.714841|9675309208479953
2023-02-1700:56:11.969337|55385070344719160
2023-02-1701:50:35.484641|61328524182165271
2023-02-1702:08:23.841124|72317184457504710
2023-02-1702:11:35.794218|150014326225783322
2023-02-1702:12:24.005825|96243858776633939
2023-02-1702:18:10.84705|165793121294584520
2023-02-1702:18:11.60853|165793121294584520
2023-02-1602:21:35.736554|38658225266310700
2023-02-1602:21:47.93041|32611360846880732
2023-02-1602:23:11.921499|36880290961896930
2023-02-1602:32:00.015419|97501926981185774
2023-02-1602:32:24.095071|31621957727764074
2023-02-1602:35:59.833794|20825201768731900
2023-02-1602:36:23.912935|48610741027465588
2023-02-1602:37:35.880125|10401182125867652
2023-02-1602:41:23.528241|13862397312815135
2023-02-1602:44:59.930701|15825682902068242
2023-02-1602:55:47.838889|8744522609042493
2023-02-1619:29:47.90691|48716850854499408
2023-02-1619:29:59.934539|24282771880455204
2023-02-1619:36:36.159041|40732492571285870
2023-02-1619:44:47.896489|49008436186410804
2023-02-1620:01:59.229346|44107690046976436
2023-02-1620:06:47.595845|34887569249847590
2023-02-1620:06:48.336005|34887569249847590
2023-02-1620:07:23.708712|19672569534268608
2023-02-1620:08:47.686498|28906983082545640
2023-02-1620:08:46.961982|28906983082545640
2023-02-1620:09:23.713831|26728469499179504
2023-02-1620:12:23.71983|58541367124471065
2023-02-1620:14:12.036202|24403195590077018
2023-02-1620:17:23.48303|25924822291678755
2023-02-1621:37:35.710196|20584995613898304
2023-02-1621:40:11.756295|45739468526486299
2023-02-1621:41:24.003263|82384985889480250
2023-02-1621:43:11.621131|57600542313438832
2023-02-1621:44:23.647518|122446021299313677
2023-02-1621:54:47.86069|132842747492879865
2023-02-1623:08:36.053181|38277089501763552
2023-02-1623:32:47.807596|26868352927612703
2023-02-1623:36:11.975502|7986791220529937
2023-02-1623:42:59.750236|99716738452818609
2023-02-1623:54:48.099866|17165484572270334
2023-02-1623:57:12.085699|21067718889869855
2023-02-1623:59:11.077279|54626723434528124
2023-02-1700:59:59.722614|36881165623085285
2023-02-1701:13:24.09696|33647115536593933
2023-02-1701:16:23.574107|32999248360304106
2023-02-1701:22:59.394161|39222859938817644
2023-02-1701:23:11.943003|23826020749234378
2023-02-1701:33:23.878175|12333496380750442
2023-02-1701:37:11.276401|33714806636897943
2023-02-1701:38:35.88291|46062194598910491
2023-02-1702:31:47.530487|97856864256685141
2023-02-1618:04:24.08672|29419903906687523
2023-02-1618:21:11.38651|49716144184325440
2023-02-1618:21:59.947502|16150821699408012
2023-02-1618:25:23.990215|47505063369538389
2023-02-1618:26:11.892323|18412211209717900
2023-02-1618:26:12.553437|18412211209717900
2023-02-1618:26:59.760238|13922200397635022
2023-02-1618:29:23.39065|15361967976976653
2023-02-1702:50:12.182377|82621051599012976