inserted_at|slot|value|validated_at|hash
 2023-03-01 16:41:25.070741 | 5098407 |    97696261465091512 | 2023-03-01 16:41:25.059201 | 0xd595b8
 2023-03-01 16:44:49.130714 | 5098424 |   103400729769131674 | 2023-03-01 16:44:49.11639  | 0x3e6d95
 2023-03-01 16:55:00.827501 | 5098475 |    48068443193975000 | 2023-03-01 16:55:00.809381 | 0xe25c17
 2023-03-01 17:17:00.820387 | 5098585 |   225507927158102455 | 2023-03-01 17:17:00.799422 | 0x731cd3
 2023-03-01 17:51:48.553772 | 5098759 |   136243322469010438 | 2023-03-01 17:51:48.53422  | 0x1d5e76
 2023-03-01 18:09:24.894958 | 5098847 |    56687031038953879 | 2023-03-01 18:09:24.807264 | 0x5c27c0
 2023-03-01 18:37:12.872945 | 5098986 |   112742194836710298 | 2023-03-01 18:37:12.855546 | 0x418cf7
 2023-03-01 19:47:00.461974 | 5099335 |    30502963562038429 | 2023-03-01 19:47:00.446199 | 0x120774
 2023-03-01 20:07:48.497984 | 5099439 |    41453010412429347 | 2023-03-01 20:07:48.483426 | 0xb2e3fe
 2023-03-01 20:59:48.702271 | 5099699 |   991409144672285558 | 2023-03-01 20:59:48.674454 | 0x3a722d
 2023-03-01 21:04:48.900264 | 5099724 |    15497052634903346 | 2023-03-01 21:04:48.887712 | 0x7c173a
 2023-03-01 21:06:24.655035 | 5099732 |    44592827063971920 | 2023-03-01 21:06:24.639385 | 0xf40c63
 2023-03-01 21:14:24.576219 | 5099772 |    22530203106951386 | 2023-03-01 21:14:24.564747 | 0xf3d6eb
 2023-03-01 21:20:24.952239 | 5099802 |    28424318325960334 | 2023-03-01 21:20:24.834028 | 0x350fce
 2023-03-01 22:08:12.81774  | 5100041 |    31029451309858915 | 2023-03-01 22:08:12.802774 | 0x7d58fd
 2023-03-01 22:09:01.286525 | 5100045 |    36996609221605687 | 2023-03-01 22:09:01.226656 | 0x4ae261
 2023-03-01 22:18:48.839347 | 5100094 |     9243354322516662 | 2023-03-01 22:18:48.788072 | 0x00508d
 2023-03-01 22:20:01.183936 | 5100100 |   997509554176251086 | 2023-03-01 22:20:01.123141 | 0x9f28e9
 2023-03-01 22:46:00.834223 | 5100230 |    38284475271265902 | 2023-03-01 22:46:00.645372 | 0xa20679
 2023-03-01 22:57:48.834475 | 5100289 |    11991978424128172 | 2023-03-01 22:57:48.762605 | 0x8d9cfa
 2023-03-01 23:16:00.437715 | 5100380 |    29488709258081963 | 2023-03-01 23:16:00.420803 | 0xdefa28
 2023-03-01 23:26:00.936005 | 5100430 |    17449218366136828 | 2023-03-01 23:26:00.849646 | 0x3bab7d
 2023-03-01 23:26:12.879295 | 5100431 |    35238063719114055 | 2023-03-01 23:26:12.817629 | 0xb2962e
 2023-03-01 23:30:01.437669 | 5100450 |    20770636923473993 | 2023-03-01 23:30:01.231741 | 0x0522c6
 2023-03-01 23:33:00.354939 | 5100465 |    14733452015244312 | 2023-03-01 23:33:00.342324 | 0x442350
 2023-03-01 23:52:01.338827 | 5100560 |    48399998624909154 | 2023-03-01 23:52:01.262368 | 0xebec74
 2023-03-01 23:56:36.78197  | 5100583 |    48241830173281450 | 2023-03-01 23:56:36.76893  | 0xc8b8e7
 2023-03-02 00:07:12.471491 | 5100636 |    13009466879513522 | 2023-03-02 00:07:12.462135 | 0x937598
 2023-03-02 00:10:48.799373 | 5100654 |    65293679207417734 | 2023-03-02 00:10:48.790143 | 0x16d910
 2023-03-02 00:15:48.760256 | 5100679 |    56950645312508030 | 2023-03-02 00:15:48.739027 | 0x78bb0e
 2023-03-02 00:26:12.791865 | 5100731 |    36750601694687428 | 2023-03-02 00:26:12.777947 | 0xb57eb7
 2023-03-02 00:39:24.906842 | 5100797 |   787783291654420942 | 2023-03-02 00:39:24.893474 | 0x539d3b
 2023-03-02 00:42:12.559094 | 5100811 |   123757565646700876 | 2023-03-02 00:42:12.54238  | 0xfa6d97
 2023-03-02 00:51:48.941532 | 5100859 |   586311080410634094 | 2023-03-02 00:51:48.922656 | 0x52e810
 2023-03-02 01:07:00.801138 | 5100935 |    16623659314987454 | 2023-03-02 01:07:00.789373 | 0x21c262
 2023-03-02 01:17:36.844969 | 5100988 |    90512379799198572 | 2023-03-02 01:17:36.831785 | 0xa57c53
 2023-03-02 01:37:00.844375 | 5101085 |  3340622238530366655 | 2023-03-02 01:37:00.833475 | 0x0c27f8
 2023-03-02 01:40:00.592756 | 5101100 |    27932064797220803 | 2023-03-02 01:40:00.578437 | 0x7640ea
 2023-03-02 01:48:00.636813 | 5101140 |    21139185587546576 | 2023-03-02 01:48:00.545734 | 0xe4fce6
 2023-03-02 02:01:48.782841 | 5101209 |    25002277228060596 | 2023-03-02 02:01:48.761401 | 0x5435b6
 2023-03-02 02:11:36.935739 | 5101258 |    44484915473044330 | 2023-03-02 02:11:36.827647 | 0x89abfc
 2023-03-02 02:18:12.625314 | 5101291 |    27480961231418116 | 2023-03-02 02:18:12.612198 | 0x0ba46e
 2023-03-02 02:20:48.682449 | 5101304 |    22242339088823365 | 2023-03-02 02:20:48.67188  | 0xaa5b75
 2023-03-02 02:21:36.435408 | 5101308 |    27789512660772907 | 2023-03-02 02:21:36.4225   | 0x1204b6
 2023-03-02 02:22:00.686494 | 5101310 |    38549050248846353 | 2023-03-02 02:22:00.673397 | 0x836e77
 2023-03-02 02:23:36.589546 | 5101318 |    39196795961652612 | 2023-03-02 02:23:36.569478 | 0xa087a2
 2023-03-02 02:26:24.526183 | 5101332 |    28856139041630895 | 2023-03-02 02:26:24.504389 | 0x86e6ea
 2023-03-02 02:27:24.816167 | 5101337 |    76013790266185030 | 2023-03-02 02:27:24.798009 | 0x43a33a
 2023-03-02 02:38:48.735463 | 5101394 |    24374970358435004 | 2023-03-02 02:38:48.720129 | 0x8e569b
 2023-03-02 02:42:36.530267 | 5101413 |    43535014945311402 | 2023-03-02 02:42:36.514282 | 0xd4ee08
 2023-03-02 02:45:13.086335 | 5101426 |    35196849191412065 | 2023-03-02 02:45:13.071216 | 0x50a33b
 2023-03-02 02:53:24.880268 | 5101467 |    42741038326789883 | 2023-03-02 02:53:24.777071 | 0xeb0981
 2023-03-02 02:59:36.79244  | 5101498 |    29736706540542695 | 2023-03-02 02:59:36.769376 | 0xb22183
 2023-03-02 03:00:01.366866 | 5101500 |    27383825558203715 | 2023-03-02 03:00:01.351717 | 0x4f77c1
 2023-03-02 03:00:12.683109 | 5101501 |    37075983514278467 | 2023-03-02 03:00:12.671724 | 0xe524a7
 2023-03-02 03:01:13.480014 | 5101506 |    35131619598636155 | 2023-03-02 03:01:13.082355 | 0xc7e84f
 2023-03-02 03:11:13.518011 | 5101556 |    34846019623063556 | 2023-03-02 03:11:13.497374 | 0x37c5e9
 2023-03-02 03:19:48.835505 | 5101599 |    43643457011678578 | 2023-03-02 03:19:48.819689 | 0x11e9e2
 2023-03-02 03:22:01.380341 | 5101610 | 11312922765353918594 | 2023-03-02 03:22:01.310779 | 0x7839bb
 2023-03-02 03:24:12.729467 | 5101621 |    45371165886305155 | 2023-03-02 03:24:12.712647 | 0xc70651
 2023-03-02 03:25:12.700595 | 5101626 |    34663057191554000 | 2023-03-02 03:25:12.6868   | 0x566a82
 2023-03-02 03:25:25.033941 | 5101627 |    62733371406278554 | 2023-03-02 03:25:25.002066 | 0xda436e
 2023-03-02 03:25:49.014662 | 5101629 |    82576591274605680 | 2023-03-02 03:25:49.001717 | 0x914d03
 2023-03-02 03:26:00.70424  | 5101630 |    63640683065364504 | 2023-03-02 03:26:00.691765 | 0x5b1743
 2023-03-02 03:26:37.280194 | 5101633 |    64096053546346329 | 2023-03-02 03:26:37.26119  | 0xe3fce4
 2023-03-02 03:29:00.882198 | 5101645 |    80673567868141189 | 2023-03-02 03:29:00.849869 | 0x891595
 2023-03-02 03:29:49.246208 | 5101649 |    47970600271733202 | 2023-03-02 03:29:49.231302 | 0xcf505a
 2023-03-02 03:30:36.633023 | 5101653 |    26545144031106973 | 2023-03-02 03:30:36.619705 | 0x2725ba
 2023-03-02 03:32:36.7671   | 5101663 |    42833805569187014 | 2023-03-02 03:32:36.754544 | 0xc9339c
 2023-03-02 03:40:36.359134 | 5101703 |    29524743879110000 | 2023-03-02 03:40:36.344053 | 0xe3bc1a
 2023-03-02 03:42:12.770469 | 5101711 |    46210315936330875 | 2023-03-02 03:42:12.753142 | 0xafbd39
 2023-03-02 03:45:25.336112 | 5101727 |    39070618814152192 | 2023-03-02 03:45:24.932948 | 0x0158fe
 2023-03-02 04:03:36.48929  | 5101818 |    65633691954843957 | 2023-03-02 04:03:36.418159 | 0x68804f
 2023-03-02 04:40:48.65689  | 5102004 |    39091541920640503 | 2023-03-02 04:40:48.640741 | 0x77fc10
 2023-03-02 04:44:48.782789 | 5102024 |    32403523770770824 | 2023-03-02 04:44:48.76616  | 0x62e2e3
 2023-03-02 04:48:24.843355 | 5102042 |    23193905771474775 | 2023-03-02 04:48:24.832694 | 0xb74321
 2023-03-02 04:53:37.048929 | 5102068 |    28505603241558570 | 2023-03-02 04:53:37.025799 | 0x0ab02d
 2023-03-02 05:01:00.853505 | 5102105 |    32222644601277426 | 2023-03-02 05:01:00.838056 | 0x4fc0eb
 2023-03-02 05:01:12.896238 | 5102106 |    78741833292525349 | 2023-03-02 05:01:12.880548 | 0x5a9c0c
 2023-03-02 05:05:48.536886 | 5102129 |    51061364482765222 | 2023-03-02 05:05:48.437966 | 0xa89ec2
 2023-03-02 05:06:48.748363 | 5102134 |    32986253220825190 | 2023-03-02 05:06:48.700298 | 0x0ea740
 2023-03-02 05:17:24.484476 | 5102187 |    57025637586951454 | 2023-03-02 05:17:24.467514 | 0x1437c2
 2023-03-02 05:18:12.772804 | 5102191 |    26638001540317040 | 2023-03-02 05:18:12.761459 | 0x2a9c30
 2023-03-02 05:18:36.949569 | 5102193 |    29863969917801137 | 2023-03-02 05:18:36.937151 | 0x00c296
 2023-03-02 05:21:00.651834 | 5102205 |    56113015824977749 | 2023-03-02 05:21:00.571012 | 0x11a71d
 2023-03-02 05:35:36.787983 | 5102278 |    34996594701653656 | 2023-03-02 05:35:36.769437 | 0xb041e6
 2023-03-02 05:43:24.792737 | 5102317 |    69973153766019025 | 2023-03-02 05:43:24.777957 | 0xdf8a0f
 2023-03-02 05:45:24.684703 | 5102327 |    80290582504207469 | 2023-03-02 05:45:24.671069 | 0x6cbe65
 2023-03-02 05:48:36.875646 | 5102343 |   223386305744297792 | 2023-03-02 05:48:36.811332 | 0x360dda
 2023-03-02 05:49:48.683566 | 5102349 |    69110138001587499 | 2023-03-02 05:49:48.66985  | 0x3f111b
 2023-03-02 05:54:01.146104 | 5102370 |    86535811446137510 | 2023-03-02 05:54:01.041126 | 0xd844d4
 2023-03-02 06:05:13.038088 | 5102426 |    45077012329577126 | 2023-03-02 06:05:12.976397 | 0xd57a01
 2023-03-02 06:08:36.647365 | 5102443 |    57900658333788678 | 2023-03-02 06:08:36.62732  | 0x7e7f99
 2023-03-02 06:09:00.681834 | 5102445 |   115439081852235734 | 2023-03-02 06:09:00.583068 | 0x84d864
 2023-03-02 06:12:13.121079 | 5102461 |    56707905978566437 | 2023-03-02 06:12:13.104572 | 0x4b5ebe
 2023-03-02 06:27:48.889256 | 5102539 |    91780116111729155 | 2023-03-02 06:27:48.874473 | 0xcab937
 2023-03-02 06:28:36.758622 | 5102543 |    70072856972728603 | 2023-03-02 06:28:36.736487 | 0xa4961b
 2023-03-02 06:34:00.839272 | 5102570 |    57898119238634718 | 2023-03-02 06:34:00.826871 | 0x546d58
 2023-03-02 06:35:36.789453 | 5102578 |   123574795551691960 | 2023-03-02 06:35:36.7426   | 0xa6f7bd
 2023-03-02 06:54:37.046722 | 5102673 |   119504334714018960 | 2023-03-02 06:54:36.950088 | 0x2a590e
 2023-03-02 06:57:00.839647 | 5102685 |   106198675103698442 | 2023-03-02 06:57:00.826241 | 0x126a7f
 2023-03-02 07:14:24.423413 | 5102772 |   106738103612990978 | 2023-03-02 07:14:24.405049 | 0xbbbb4b
 2023-03-02 07:22:00.907896 | 5102810 |    86761413186898200 | 2023-03-02 07:22:00.895474 | 0x5f43db
 2023-03-02 07:29:48.620176 | 5102849 |   117695267326186888 | 2023-03-02 07:29:48.610384 | 0x0ef509
 2023-03-02 07:31:36.751562 | 5102858 |    58294981038529516 | 2023-03-02 07:31:36.72414  | 0x151114
 2023-03-02 07:32:12.420281 | 5102861 |   164679007303409008 | 2023-03-02 07:32:12.406503 | 0xdcae64
 2023-03-02 07:33:01.087482 | 5102865 |   142241130652676560 | 2023-03-02 07:33:00.979841 | 0xebadc8
 2023-03-02 07:43:48.826879 | 5102919 |   162492916673587573 | 2023-03-02 07:43:48.815322 | 0xab6d80
 2023-03-02 08:01:24.878737 | 5103007 |   206999609384223158 | 2023-03-02 08:01:24.822222 | 0x4a3f76
 2023-03-02 08:02:36.355779 | 5103013 |    88470942340693088 | 2023-03-02 08:02:36.342593 | 0x218c45
 2023-03-02 08:03:48.53763  | 5103019 |   189372049261524986 | 2023-03-02 08:03:48.477666 | 0x239e8c
 2023-03-02 08:05:36.677169 | 5103028 |    76877293146210718 | 2023-03-02 08:05:36.665428 | 0x2e86f2
 2023-03-02 08:06:48.569134 | 5103034 |    87900145071822398 | 2023-03-02 08:06:48.556473 | 0xf4d639
 2023-03-02 08:09:00.837457 | 5103045 |   134288025801997056 | 2023-03-02 08:09:00.779984 | 0x084e55
 2023-03-02 08:09:48.736472 | 5103049 |    84364255385213428 | 2023-03-02 08:09:48.673492 | 0x9cc735
 2023-03-02 08:13:24.868223 | 5103067 |   155790131625532460 | 2023-03-02 08:13:24.854562 | 0x86e9aa
 2023-03-02 08:16:00.853941 | 5103080 |    72617672255245716 | 2023-03-02 08:16:00.840549 | 0xe3ce7b
 2023-03-02 08:22:36.799236 | 5103113 |    79496806842526828 | 2023-03-02 08:22:36.781991 | 0x98f2a9
 2023-03-02 08:27:00.834241 | 5103135 |   114232369516869810 | 2023-03-02 08:27:00.802368 | 0x393d41
 2023-03-02 08:30:48.722341 | 5103154 |    46118404166997445 | 2023-03-02 08:30:48.699303 | 0xbcab60
 2023-03-02 08:35:36.478921 | 5103178 |   321334522929034520 | 2023-03-02 08:35:36.420478 | 0xcf1099
 2023-03-02 08:42:12.497807 | 5103211 |   128387950013826861 | 2023-03-02 08:42:12.471595 | 0xe34c06
 2023-03-02 08:44:36.837809 | 5103223 |    87782202617168596 | 2023-03-02 08:44:36.747654 | 0x1e30f9
 2023-03-02 08:56:36.607561 | 5103283 |   134351433967981065 | 2023-03-02 08:56:36.589522 | 0x3a0118
 2023-03-02 09:05:00.863366 | 5103325 |    89360700777967977 | 2023-03-02 09:05:00.838851 | 0x499427
 2023-03-02 09:05:49.040497 | 5103329 |    78343492845940596 | 2023-03-02 09:05:48.732991 | 0x96a1fb
 2023-03-02 09:15:24.83639  | 5103377 |   114463410685667255 | 2023-03-02 09:15:24.740032 | 0x13b4b9
 2023-03-02 09:20:00.840552 | 5103400 |   143198972498674508 | 2023-03-02 09:20:00.820228 | 0x6fb2c4
 2023-03-02 09:30:24.488364 | 5103452 |   125115179012059055 | 2023-03-02 09:30:24.466563 | 0x970df4
 2023-03-02 09:35:00.600736 | 5103475 |    70432248845622616 | 2023-03-02 09:35:00.573    | 0x305ea6
 2023-03-02 09:35:12.415383 | 5103476 |    77185669612094671 | 2023-03-02 09:35:12.404067 | 0x50c08e
 2023-03-02 09:38:12.771311 | 5103491 |   122847124161889328 | 2023-03-02 09:38:12.757293 | 0x69da39
 2023-03-02 09:40:00.828205 | 5103500 |   138760516857526401 | 2023-03-02 09:40:00.810216 | 0xa94c59
 2023-03-02 09:46:00.882957 | 5103530 |   183020683461216212 | 2023-03-02 09:46:00.86816  | 0xe8705d
 2023-03-02 09:47:25.002014 | 5103537 |    95348454861777705 | 2023-03-02 09:47:24.98524  | 0x3c1740
 2023-03-02 09:48:48.879227 | 5103544 |   163434578710788754 | 2023-03-02 09:48:48.783701 | 0x396082
 2023-03-02 09:51:24.936603 | 5103557 |   226923462628436738 | 2023-03-02 09:51:24.832003 | 0x9418f4
 2023-03-02 09:54:00.792518 | 5103570 |    94208561852456569 | 2023-03-02 09:54:00.731051 | 0xbb9e76
 2023-03-02 09:58:48.838067 | 5103594 |    40441199328215326 | 2023-03-02 09:58:48.773322 | 0xedd9b7
 2023-03-02 10:01:00.596274 | 5103605 |   179252552837822799 | 2023-03-02 10:01:00.575609 | 0xfd3af8
 2023-03-02 10:01:12.708142 | 5103606 |    57753396952501600 | 2023-03-02 10:01:12.692331 | 0x9ca45d
 2023-03-02 10:05:00.660742 | 5103625 |   151805103524227084 | 2023-03-02 10:05:00.645853 | 0x65caf4
 2023-03-02 10:09:00.837985 | 5103645 |   151328457211195806 | 2023-03-02 10:09:00.643813 | 0xfaface
 2023-03-02 10:09:50.869436 | 5103649 |   121114176899106340 | 2023-03-02 10:09:50.853603 | 0x459fa3
 2023-03-02 10:12:36.775136 | 5103663 |   209559426909652422 | 2023-03-02 10:12:36.755849 | 0x8a3822
 2023-03-02 10:20:36.734148 | 5103703 |   118349450363910969 | 2023-03-02 10:20:36.690932 | 0xe1d205
 2023-03-02 10:22:49.078288 | 5103714 |   293241390534986885 | 2023-03-02 10:22:48.686696 | 0x58f4e6
 2023-03-02 10:25:36.849482 | 5103728 |    94341522762718425 | 2023-03-02 10:25:36.832792 | 0x27a1a1
 2023-03-02 10:30:12.996885 | 5103751 |   449932067924539478 | 2023-03-02 10:30:12.980056 | 0x126690
 2023-03-02 10:33:12.937769 | 5103766 |   152523472607179661 | 2023-03-02 10:33:12.905795 | 0x8f0a33
 2023-03-02 10:38:37.008651 | 5103793 |    78445292075542302 | 2023-03-02 10:38:36.995632 | 0xd82229
 2023-03-02 10:49:12.967919 | 5103846 |   126843532040989645 | 2023-03-02 10:49:12.953051 | 0x8da7d1
 2023-03-02 11:01:13.136258 | 5103906 |   242469283977363663 | 2023-03-02 11:01:12.842602 | 0x992750
 2023-03-02 11:03:24.893562 | 5103917 |    70543144924077732 | 2023-03-02 11:03:24.879692 | 0x43961a
 2023-03-02 11:10:48.674219 | 5103954 |   116629668471582528 | 2023-03-02 11:10:48.661485 | 0x22ca1c
 2023-03-02 11:12:36.888999 | 5103963 |   169933149151212722 | 2023-03-02 11:12:36.830598 | 0x9166ba
 2023-03-02 11:13:48.780902 | 5103969 |    58034163548723539 | 2023-03-02 11:13:48.76791  | 0x29a0d1
 2023-03-02 11:14:12.73834  | 5103971 |    90438174710668278 | 2023-03-02 11:14:12.686147 | 0x87fcc7
 2023-03-02 11:15:48.851012 | 5103979 |    73103158013285562 | 2023-03-02 11:15:48.837553 | 0x8aa2b6
 2023-03-02 11:19:25.076371 | 5103997 |   155287146549270237 | 2023-03-02 11:19:25.043161 | 0xdbc248
 2023-03-02 11:28:36.777461 | 5104043 |    73331803669862851 | 2023-03-02 11:28:36.759429 | 0xc04948
 2023-03-02 11:37:36.848868 | 5104088 |    38551145490795389 | 2023-03-02 11:37:36.831269 | 0xf8709f
 2023-03-02 11:46:12.393927 | 5104131 |   102971520135204760 | 2023-03-02 11:46:12.377488 | 0x97acb3
 2023-03-02 11:48:36.784452 | 5104143 |   139991559554018234 | 2023-03-02 11:48:36.773678 | 0x4f5ea5
 2023-03-02 12:01:36.737468 | 5104208 |   170638579917652791 | 2023-03-02 12:01:36.65321  | 0x1938c8
 2023-03-02 12:05:24.515827 | 5104227 |   563971677780274362 | 2023-03-02 12:05:24.495724 | 0x02638a
 2023-03-02 12:06:12.480381 | 5104231 |    86317116574203896 | 2023-03-02 12:06:12.426208 | 0x8c81c7
 2023-03-02 12:14:48.970946 | 5104274 |   119149123086978841 | 2023-03-02 12:14:48.956815 | 0xa2817d
 2023-03-02 12:15:48.701578 | 5104279 |   127178312327994456 | 2023-03-02 12:15:48.680208 | 0x083dd5
 2023-03-02 12:16:36.837267 | 5104283 |   107161193771130888 | 2023-03-02 12:16:36.810661 | 0x99a6bd
 2023-03-02 12:22:00.788804 | 5104310 |   100229340089436563 | 2023-03-02 12:22:00.771613 | 0x77038b
 2023-03-02 12:26:36.614736 | 5104333 |   136961711984311670 | 2023-03-02 12:26:36.596587 | 0x085d34
 2023-03-02 12:32:24.833089 | 5104362 |    87761727297972606 | 2023-03-02 12:32:24.819563 | 0x36f624
 2023-03-02 12:38:00.636521 | 5104390 |    60964805277337968 | 2023-03-02 12:38:00.441616 | 0x336089
 2023-03-02 12:42:36.555577 | 5104413 |   123589749326359241 | 2023-03-02 12:42:36.531967 | 0x6b4a18
 2023-03-02 12:57:36.802475 | 5104488 |    28933840086254648 | 2023-03-02 12:57:36.789447 | 0xcc8d49
 2023-03-02 12:59:25.44407  | 5104497 |    28131673209266537 | 2023-03-02 12:59:25.341182 | 0xb3a263
 2023-03-02 13:06:48.655704 | 5104534 |   108358107851503802 | 2023-03-02 13:06:48.641127 | 0x76830c
 2023-03-02 13:11:48.854141 | 5104559 |   152962765172663000 | 2023-03-02 13:11:48.833786 | 0xe7da0e
 2023-03-02 13:13:36.531667 | 5104568 |   208884411094675586 | 2023-03-02 13:13:36.498316 | 0xd0d3a8
 2023-03-02 13:19:24.619467 | 5104597 |    50770193509726739 | 2023-03-02 13:19:24.603331 | 0x8c4f10
 2023-03-02 13:24:12.947036 | 5104621 |    36348901448444462 | 2023-03-02 13:24:12.926637 | 0xf6c993
 2023-03-02 13:25:24.777112 | 5104627 |    27857994812647404 | 2023-03-02 13:25:24.765259 | 0x42b5fc
 2023-03-02 13:29:24.928956 | 5104647 |   363996617949870336 | 2023-03-02 13:29:24.837018 | 0x4cb568
 2023-03-02 13:33:12.931061 | 5104666 |   166512208646547615 | 2023-03-02 13:33:12.826797 | 0xc49094
 2023-03-02 13:38:48.76179  | 5104694 |   145365500924972428 | 2023-03-02 13:38:48.742145 | 0xb3426c
 2023-03-02 13:39:24.70904  | 5104697 |    75402823495463034 | 2023-03-02 13:39:24.691369 | 0x183178
 2023-03-02 13:44:37.334651 | 5104723 |    31227943522319230 | 2023-03-02 13:44:37.253558 | 0x05ffc7
 2023-03-02 13:51:24.745815 | 5104757 |   426430962692882104 | 2023-03-02 13:51:24.729844 | 0xb89418
 2023-03-02 13:56:12.541405 | 5104781 |    29931775578421200 | 2023-03-02 13:56:12.441687 | 0x60e5d3
 2023-03-02 14:00:48.638502 | 5104804 |   201705989425753581 | 2023-03-02 14:00:48.368065 | 0x15d324
 2023-03-02 14:01:12.62938  | 5104806 |   253327877173169931 | 2023-03-02 14:01:12.558089 | 0xd1fabc
 2023-03-02 14:04:36.766928 | 5104823 |    98056996354493104 | 2023-03-02 14:04:36.751951 | 0x9237a6
 2023-03-02 14:10:24.918102 | 5104852 |   100182666796630223 | 2023-03-02 14:10:24.902688 | 0x706097
 2023-03-02 14:14:00.746951 | 5104870 |   160413057891356883 | 2023-03-02 14:14:00.731304 | 0x9c3df5
 2023-03-02 14:16:00.757027 | 5104880 |    71130894395016560 | 2023-03-02 14:16:00.746202 | 0xb3db79
 2023-03-02 14:26:36.892783 | 5104933 |    75433715629897803 | 2023-03-02 14:26:36.881033 | 0x9abbeb
 2023-03-02 14:30:48.793176 | 5104954 |    74326890808180982 | 2023-03-02 14:30:48.780986 | 0xd9ab70
 2023-03-02 14:34:01.643736 | 5104970 |   168713751242791420 | 2023-03-02 14:34:01.582448 | 0x554795
 2023-03-02 14:36:01.032725 | 5104980 |    95704373499841501 | 2023-03-02 14:36:00.739847 | 0xdbfca7
 2023-03-02 14:39:48.789367 | 5104999 |    51962812745645971 | 2023-03-02 14:39:48.779681 | 0x7ba35b
 2023-03-02 14:46:24.803664 | 5105032 |   140851429192254425 | 2023-03-02 14:46:24.789017 | 0x53bce3
 2023-03-02 14:52:48.601093 | 5105064 |    85484440827335460 | 2023-03-02 14:52:48.58556  | 0xebd585
 2023-03-02 14:54:48.367947 | 5105074 |    19686042342224353 | 2023-03-02 14:54:48.356798 | 0x2dd69f
 2023-03-02 14:56:12.941303 | 5105081 |   417234990306190693 | 2023-03-02 14:56:12.871525 | 0xa52955
 2023-03-02 15:01:24.659176 | 5105107 |   135706727190193720 | 2023-03-02 15:01:24.640018 | 0xeab745
 2023-03-02 15:01:48.657639 | 5105109 |    47551665395533400 | 2023-03-02 15:01:48.638731 | 0x72d1a3
 2023-03-02 15:02:00.637373 | 5105110 |    81695078745385520 | 2023-03-02 15:02:00.625282 | 0x2ff6f5
 2023-03-02 15:35:24.691887 | 5105277 |   306141961992136676 | 2023-03-02 15:35:24.679423 | 0xbe639f
 2023-03-02 15:37:24.772929 | 5105287 |   172147981354517084 | 2023-03-02 15:37:24.764164 | 0xf677a4
 2023-03-02 15:38:36.841635 | 5105293 |   146821394452665536 | 2023-03-02 15:38:36.769894 | 0xaf036d
 2023-03-02 15:44:48.831985 | 5105324 |    64330798873908017 | 2023-03-02 15:44:48.752425 | 0x780753
 2023-03-02 15:45:36.44051  | 5105328 |    32121001196754420 | 2023-03-02 15:45:36.375528 | 0x7fdd82
 2023-03-02 15:55:49.034424 | 5105379 |   151239916774221251 | 2023-03-02 15:55:48.834423 | 0x2380b6
 2023-03-02 15:59:00.924827 | 5105395 |    68856612192448765 | 2023-03-02 15:59:00.912977 | 0x760180
 2023-03-02 16:07:12.761361 | 5105436 |    91417060817032511 | 2023-03-02 16:07:12.749553 | 0xbfdd17
 2023-03-02 16:09:36.438285 | 5105448 |   106992385256400913 | 2023-03-02 16:09:36.338854 | 0x4c243a
 2023-03-02 16:11:12.683573 | 5105456 |    45320818556646944 | 2023-03-02 16:11:12.670444 | 0x09c216
 2023-03-02 16:11:24.697364 | 5105457 |    29804757645883536 | 2023-03-02 16:11:24.684374 | 0x40b408
 2023-03-02 16:12:00.633346 | 5105460 |    56153070630046912 | 2023-03-02 16:12:00.621384 | 0xb20fc4
 2023-03-02 16:12:36.71107  | 5105463 |    94526166525335715 | 2023-03-02 16:12:36.694496 | 0xe81328
 2023-03-02 16:12:48.776818 | 5105464 |    86001574020982336 | 2023-03-02 16:12:48.757991 | 0xa392db
 2023-03-02 16:13:37.132119 | 5105468 |    97405907198603265 | 2023-03-02 16:13:37.103056 | 0xd98378
 2023-03-02 16:14:12.764454 | 5105471 |    97716190029576069 | 2023-03-02 16:14:12.746242 | 0xbc415d
 2023-03-02 16:19:24.73378  | 5105497 |    89061114870347299 | 2023-03-02 16:19:24.706874 | 0xdcb434
 2023-03-02 16:24:01.023542 | 5105520 |   100340805475380960 | 2023-03-02 16:24:01.011799 | 0xf48b2a
 2023-03-02 16:29:48.873574 | 5105549 |   165928247779010932 | 2023-03-02 16:29:48.863388 | 0xb30346
 2023-03-02 16:32:48.778625 | 5105564 |    56977439961281013 | 2023-03-02 16:32:48.76739  | 0x38cd97
 2023-03-02 16:39:36.544873 | 5105598 |    50377769279990760 | 2023-03-02 16:39:36.461399 | 0x872003
 2023-03-02 16:42:36.797799 | 5105613 |   100143084093947727 | 2023-03-02 16:42:36.784375 | 0x4e9e87
 2023-03-02 16:45:00.773498 | 5105625 |    56358298756743616 | 2023-03-02 16:45:00.756792 | 0xd1a967
 2023-03-02 16:48:24.673168 | 5105642 |   273116604907692679 | 2023-03-02 16:48:24.656021 | 0xd0a083
 2023-03-02 16:50:48.676918 | 5105654 |    98979804281553888 | 2023-03-02 16:50:48.663361 | 0xae82a4
 2023-03-02 16:54:48.825995 | 5105674 |    99601170831251156 | 2023-03-02 16:54:48.812287 | 0x8218f2
 2023-03-02 16:56:01.243232 | 5105680 |   172131264958745885 | 2023-03-02 16:56:01.040917 | 0xe277b7
 2023-03-02 17:07:12.447833 | 5105736 |    78180631692452679 | 2023-03-02 17:07:12.431786 | 0x9eb16b
 2023-03-02 17:11:24.943772 | 5105757 |    91972505226325472 | 2023-03-02 17:11:24.839762 | 0xa8aa50
 2023-03-02 17:16:36.612321 | 5105783 |   113080771041801037 | 2023-03-02 17:16:36.594106 | 0x203b2e
 2023-03-02 17:29:36.840442 | 5105848 |    78595403510879418 | 2023-03-02 17:29:36.824594 | 0xe1fdf3
 2023-03-02 17:30:24.639869 | 5105852 |   106112009435478940 | 2023-03-02 17:30:24.627358 | 0x521d10
 2023-03-02 18:01:24.837717 | 5106007 |    75109018375997611 | 2023-03-02 18:01:24.826209 | 0xee3009
 2023-03-02 18:19:12.739319 | 5106096 |   429948865360236414 | 2023-03-02 18:19:12.725975 | 0x04cf84
 2023-03-02 18:21:36.417316 | 5106108 |    44533328316415568 | 2023-03-02 18:21:36.405134 | 0x36f12d
 2023-03-02 18:24:48.915004 | 5106124 |   139666295556478812 | 2023-03-02 18:24:48.849464 | 0xc9cc37
 2023-03-02 18:27:24.78442  | 5106137 |    93006051791649340 | 2023-03-02 18:27:24.770886 | 0xa6d7cf
 2023-03-02 18:30:48.493887 | 5106154 |    46893475869934992 | 2023-03-02 18:30:48.480775 | 0x6a5644
 2023-03-02 18:31:24.943799 | 5106157 |    61399579227744247 | 2023-03-02 18:31:24.846849 | 0x35ca39
 2023-03-02 18:40:36.798196 | 5106203 |    52493974270089776 | 2023-03-02 18:40:36.778851 | 0x6d3c52
 2023-03-02 18:44:00.915899 | 5106220 |    33053743614879374 | 2023-03-02 18:44:00.900145 | 0xea8201
 2023-03-02 18:50:24.703318 | 5106252 |    33221004857903349 | 2023-03-02 18:50:24.686059 | 0x12dcae
 2023-03-02 18:51:48.837138 | 5106259 |    60549713979051954 | 2023-03-02 18:51:48.819032 | 0xc97e36
 2023-03-02 19:01:00.638126 | 5106305 |   154687817235743622 | 2023-03-02 19:01:00.607649 | 0x240107
 2023-03-02 19:02:00.835119 | 5106310 |    27235464537497612 | 2023-03-02 19:02:00.745873 | 0x22f024
 2023-03-02 19:02:12.715791 | 5106311 |    38465985288287071 | 2023-03-02 19:02:12.697344 | 0xa2525b
 2023-03-02 19:05:00.692911 | 5106325 |    28695704779148190 | 2023-03-02 19:05:00.680635 | 0x0c58f2
 2023-03-02 19:10:25.162818 | 5106352 |    35437161469574527 | 2023-03-02 19:10:25.151337 | 0x44196b
 2023-03-02 19:13:24.914513 | 5106367 |    47597994173812142 | 2023-03-02 19:13:24.902258 | 0xbecdb8
 2023-03-02 19:14:01.215843 | 5106370 |   104643520339875096 | 2023-03-02 19:14:00.907555 | 0x9c1d2c
 2023-03-02 19:17:25.129949 | 5106387 |    35681953609916428 | 2023-03-02 19:17:25.10657  | 0x46d5f2
 2023-03-02 19:19:37.109366 | 5106398 |    54470676626709972 | 2023-03-02 19:19:37.006715 | 0x7a78a3
 2023-03-02 19:23:13.020191 | 5106416 |    48463810654498596 | 2023-03-02 19:23:12.82256  | 0x9dec92
 2023-03-02 19:23:36.83403  | 5106418 |    37357453103815819 | 2023-03-02 19:23:36.753916 | 0x4b3bfd
 2023-03-02 19:37:00.713111 | 5106485 |   150134524667175738 | 2023-03-02 19:37:00.685805 | 0x978a5e
 2023-03-02 19:44:24.615125 | 5106522 |    49822447738878944 | 2023-03-02 19:44:24.51675  | 0xe66374
 2023-03-02 19:56:48.832149 | 5106584 |   120274050443588239 | 2023-03-02 19:56:48.812943 | 0x0a5cd3
 2023-03-02 19:58:12.859533 | 5106591 |    28113087213093325 | 2023-03-02 19:58:12.84154  | 0x0ee2ad
 2023-03-02 19:59:49.068105 | 5106599 |    35193303590056566 | 2023-03-02 19:59:49.054215 | 0xc2c456
 2023-03-02 20:00:48.437669 | 5106604 |    84931743635869878 | 2023-03-02 20:00:48.387487 | 0xdc797f
 2023-03-02 20:05:00.846211 | 5106625 |    75907982775790204 | 2023-03-02 20:05:00.824853 | 0x7a134e
 2023-03-02 20:10:36.762117 | 5106653 |    66334925536846080 | 2023-03-02 20:10:36.743617 | 0xadd094
 2023-03-02 20:21:12.434357 | 5106706 |    40216424131394928 | 2023-03-02 20:21:12.408909 | 0x4d4b6c
 2023-03-02 20:23:01.112044 | 5106715 |    68798780399720861 | 2023-03-02 20:23:01.039758 | 0x02d168
 2023-03-02 20:25:12.842148 | 5106726 |    31600340841278108 | 2023-03-02 20:25:12.82948  | 0x78306b
 2023-03-02 20:32:24.489221 | 5106762 |   156153206911434756 | 2023-03-02 20:32:24.471538 | 0xabef5a
 2023-03-02 20:32:36.730553 | 5106763 |    23590493352208846 | 2023-03-02 20:32:36.718922 | 0x34639c
 2023-03-02 20:36:24.818849 | 5106782 |    82509158018593632 | 2023-03-02 20:36:24.810039 | 0xc52596
 2023-03-02 20:41:36.774802 | 5106808 |    36921873455505339 | 2023-03-02 20:41:36.762361 | 0xa9347a
 2023-03-02 20:47:01.241918 | 5106835 |    50219031865386704 | 2023-03-02 20:47:01.082174 | 0x01749e
 2023-03-02 20:49:48.723262 | 5106849 |    40591384659819637 | 2023-03-02 20:49:48.711389 | 0xd6f8bb
 2023-03-02 20:52:00.896491 | 5106860 |    43645267391994257 | 2023-03-02 20:52:00.882198 | 0x06b33d
 2023-03-02 20:58:12.820854 | 5106891 |    31380290766095074 | 2023-03-02 20:58:12.806741 | 0xc8d7e3
 2023-03-02 21:01:00.820381 | 5106905 |    29729268208434161 | 2023-03-02 21:01:00.809853 | 0xf0867b
 2023-03-02 21:04:48.72797  | 5106924 |   132006259999926490 | 2023-03-02 21:04:48.71061  | 0x9dd9f4
 2023-03-02 21:07:24.72761  | 5106937 |    31089207475695620 | 2023-03-02 21:07:24.71478  | 0xeaba40
 2023-03-02 21:21:48.867065 | 5107009 |    33548764013129658 | 2023-03-02 21:21:48.850915 | 0xc67e96
 2023-03-02 21:30:12.906419 | 5107051 |    37037990798875419 | 2023-03-02 21:30:12.885988 | 0x741264
 2023-03-02 21:35:12.791283 | 5107076 |    22408943492214372 | 2023-03-02 21:35:12.7805   | 0x23bd7b
 2023-03-02 21:35:36.592596 | 5107078 |    34748062527305846 | 2023-03-02 21:35:36.576724 | 0xed3124
 2023-03-02 21:36:00.810065 | 5107080 |    76482999950283686 | 2023-03-02 21:36:00.776614 | 0x449ca0
 2023-03-02 21:36:24.599112 | 5107082 |    24936496105911654 | 2023-03-02 21:36:24.588402 | 0xde4723
 2023-03-02 21:39:36.718397 | 5107098 |    65369707575009634 | 2023-03-02 21:39:36.704491 | 0x0312fe
 2023-03-02 21:40:00.434592 | 5107100 |    64272554870823576 | 2023-03-02 21:40:00.420494 | 0x6c0e00
 2023-03-02 21:40:12.651577 | 5107101 |    27834163182715983 | 2023-03-02 21:40:12.640813 | 0x3486ca
 2023-03-02 21:47:48.749484 | 5107139 |    26829293954419715 | 2023-03-02 21:47:48.730142 | 0x7b7da5
 2023-03-02 21:48:24.683443 | 5107142 |    27400624038571798 | 2023-03-02 21:48:24.671246 | 0x611777
 2023-03-02 21:57:37.290084 | 5107188 |    35613124174681408 | 2023-03-02 21:57:37.278046 | 0xe62399
 2023-03-02 21:57:48.614003 | 5107189 |    23393624080987150 | 2023-03-02 21:57:48.604321 | 0x92eb14
 2023-03-02 22:01:12.80969  | 5107206 |    28999746111329772 | 2023-03-02 22:01:12.772126 | 0xb8d2d9
 2023-03-02 22:09:24.725032 | 5107247 |    26540737020276038 | 2023-03-02 22:09:24.712093 | 0x037275
 2023-03-02 22:12:12.993429 | 5107261 |    22978047123613078 | 2023-03-02 22:12:12.979012 | 0x6bf040
 2023-03-02 22:18:13.102618 | 5107291 |    31913900658451141 | 2023-03-02 22:18:13.093398 | 0x3832b7
 2023-03-02 22:31:24.836493 | 5107357 |    47924091391698696 | 2023-03-02 22:31:24.82481  | 0x69bc84
 2023-03-02 22:32:48.630431 | 5107364 |    45434678801682922 | 2023-03-02 22:32:48.59864  | 0x8a8eac
 2023-03-02 22:36:24.924541 | 5107382 |   129354695224777764 | 2023-03-02 22:36:24.905709 | 0xdbb1a4
 2023-03-02 22:37:49.076051 | 5107389 |    39243142386476043 | 2023-03-02 22:37:49.059559 | 0x783fe9
 2023-03-02 22:38:36.772475 | 5107393 |    24195721532422364 | 2023-03-02 22:38:36.762162 | 0xcec266
 2023-03-02 22:50:12.936149 | 5107451 |    35215768289694331 | 2023-03-02 22:50:12.909555 | 0x4423a1
 2023-03-02 22:54:12.535744 | 5107471 |    33170600755548783 | 2023-03-02 22:54:12.514502 | 0xfa812b
 2023-03-02 23:15:36.871483 | 5107578 |    42371281041026324 | 2023-03-02 23:15:36.857109 | 0xb764ca
 2023-03-02 23:28:24.936871 | 5107642 |    67229948986297046 | 2023-03-02 23:28:24.850825 | 0x37f957
 2023-03-02 23:31:24.762093 | 5107657 |    38425405151613243 | 2023-03-02 23:31:24.750709 | 0x8d04d3
 2023-03-02 23:41:00.759778 | 5107705 |    24694785717788246 | 2023-03-02 23:41:00.746648 | 0x0c93d2
 2023-03-02 23:41:48.481746 | 5107709 |    27498150892976504 | 2023-03-02 23:41:48.468586 | 0x83dee8
 2023-03-02 23:52:00.444853 | 5107760 |    26558090564686261 | 2023-03-02 23:52:00.435003 | 0x1ec70c
 2023-03-02 23:53:24.739592 | 5107767 |    68690655184585249 | 2023-03-02 23:53:24.656632 | 0xb5c26b
 2023-03-03 00:09:48.734767 | 5107849 |    37168843708413189 | 2023-03-03 00:09:48.72091  | 0xe017e2
 2023-03-03 00:15:36.714701 | 5107878 |    21528273194107037 | 2023-03-03 00:15:36.703139 | 0x3ef896
 2023-03-03 00:16:48.75291  | 5107884 |    46680646582823994 | 2023-03-03 00:16:48.742426 | 0x7ae639
 2023-03-03 00:18:24.690559 | 5107892 |    27500821490086413 | 2023-03-03 00:18:24.679258 | 0x1c110c
 2023-03-03 00:31:48.872606 | 5107959 |    34253013196931221 | 2023-03-03 00:31:48.859487 | 0xe6e878
 2023-03-03 00:34:24.465475 | 5107972 |   165988448410113496 | 2023-03-03 00:34:24.453226 | 0x7ba9f7
 2023-03-03 00:36:49.154176 | 5107984 |    59547042147621013 | 2023-03-03 00:36:49.132162 | 0x83bcf6
 2023-03-03 00:43:12.89545  | 5108016 |    26292237863362648 | 2023-03-03 00:43:12.880116 | 0x0004f7
 2023-03-03 00:50:00.721941 | 5108050 |    21876385496664028 | 2023-03-03 00:50:00.711962 | 0x63d8b3
 2023-03-03 00:54:48.938493 | 5108074 |   174818020255083586 | 2023-03-03 00:54:48.907797 | 0x7202f5
 2023-03-03 00:56:36.735585 | 5108083 |    30025243104452468 | 2023-03-03 00:56:36.686219 | 0x7a5a11
 2023-03-03 01:03:01.043618 | 5108115 |    29412903282429323 | 2023-03-03 01:03:00.939357 | 0x349426
 2023-03-03 01:04:36.678838 | 5108123 |    31015869837018788 | 2023-03-03 01:04:36.664629 | 0xa421a8
 2023-03-03 01:04:48.649837 | 5108124 |    39503970724356756 | 2023-03-03 01:04:48.637816 | 0xf91367
 2023-03-03 01:14:01.155244 | 5108170 |    28675426749812092 | 2023-03-03 01:14:01.142824 | 0x55ae2c
 2023-03-03 01:16:24.794193 | 5108182 |    23630540971182682 | 2023-03-03 01:16:24.779982 | 0x8cec0d
 2023-03-03 01:17:25.267409 | 5108187 |    52612953018117865 | 2023-03-03 01:17:25.248981 | 0xc832f4
 2023-03-03 01:33:36.37386  | 5108268 |    58876681229103246 | 2023-03-03 01:33:36.357859 | 0xe64361
 2023-03-03 01:38:01.236252 | 5108290 |    52188823120859462 | 2023-03-03 01:38:00.741779 | 0xeb1592
 2023-03-03 01:42:00.648424 | 5108310 |    29573927230175028 | 2023-03-03 01:42:00.635288 | 0xded06a
 2023-03-03 01:48:49.521627 | 5108344 |    41405926642209300 | 2023-03-03 01:48:49.472908 | 0x00677e
 2023-03-03 01:52:00.654804 | 5108360 |    30347468364376040 | 2023-03-03 01:52:00.643112 | 0x092fbb
 2023-03-03 01:53:00.486295 | 5108365 |   182851769408089714 | 2023-03-03 01:53:00.471165 | 0x1651ea
 2023-03-03 01:58:12.906727 | 5108391 |    85921169861742697 | 2023-03-03 01:58:12.866841 | 0xe8e090
 2023-03-03 01:59:00.448098 | 5108395 |    67033902510680143 | 2023-03-03 01:59:00.428011 | 0xeb8e04
 2023-03-03 02:05:12.905987 | 5108426 |    27551748232043695 | 2023-03-03 02:05:12.812702 | 0x88b1be
 2023-03-03 02:06:36.734141 | 5108433 |    35184219606789473 | 2023-03-03 02:06:36.560061 | 0xbe2373
 2023-03-03 02:11:24.805563 | 5108457 |    32872529376445101 | 2023-03-03 02:11:24.726149 | 0xbbe2f9
 2023-03-03 02:11:36.862052 | 5108458 |    31661464827388254 | 2023-03-03 02:11:36.846304 | 0x431113
 2023-03-03 02:15:00.806062 | 5108475 |    40101723191264010 | 2023-03-03 02:15:00.792484 | 0x7a6097
 2023-03-03 02:17:12.78745  | 5108486 |    52739066594543243 | 2023-03-03 02:17:12.774613 | 0x1b6c04
 2023-03-03 02:21:25.038028 | 5108507 |    39502944286351981 | 2023-03-03 02:21:25.028477 | 0xcede2b
 2023-03-03 02:30:00.970775 | 5108550 |    30822165827901499 | 2023-03-03 02:30:00.956768 | 0xbdf687
 2023-03-03 02:37:37.092586 | 5108588 |    33198379781817101 | 2023-03-03 02:37:37.078267 | 0x415e7a
 2023-03-03 02:48:48.937732 | 5108644 |    47296209282942338 | 2023-03-03 02:48:48.742199 | 0x44330b
 2023-03-03 02:49:24.546726 | 5108647 |    23090005936011543 | 2023-03-03 02:49:24.538834 | 0xadbdef
 2023-03-03 02:58:24.720797 | 5108692 |    77866192086517296 | 2023-03-03 02:58:24.710052 | 0xa6b64b
 2023-03-03 03:06:12.705947 | 5108731 |    28924599021414661 | 2023-03-03 03:06:12.692373 | 0x715208
 2023-03-03 03:07:37.035389 | 5108738 |    40130483187336394 | 2023-03-03 03:07:36.842233 | 0x70b54b
 2023-03-03 03:12:12.773818 | 5108761 |    40857434695837896 | 2023-03-03 03:12:12.762205 | 0xa913d2
 2023-03-03 03:14:01.346133 | 5108770 |    33256899270372665 | 2023-03-03 03:14:01.139928 | 0x93138f
 2023-03-03 03:17:12.739243 | 5108786 |    45467250764092794 | 2023-03-03 03:17:12.721593 | 0x46d4bc
 2023-03-03 03:21:24.740887 | 5108807 |    42566082985739861 | 2023-03-03 03:21:24.705447 | 0xb93149
 2023-03-03 03:22:36.714989 | 5108813 |    40540545454441964 | 2023-03-03 03:22:36.699023 | 0xb9b08a
 2023-03-03 03:27:24.754607 | 5108837 |    39890594690960394 | 2023-03-03 03:27:24.732462 | 0xbd429f
 2023-03-03 03:31:25.236104 | 5108857 |    30385569249015888 | 2023-03-03 03:31:25.198628 | 0x7fce0d
 2023-03-03 03:35:48.845873 | 5108879 |   105468990378899543 | 2023-03-03 03:35:48.834661 | 0x97b962
 2023-03-03 03:36:01.034856 | 5108880 |   108428696154766313 | 2023-03-03 03:36:01.014235 | 0x6c1e80
 2023-03-03 03:40:48.43637  | 5108904 |    25700146179627997 | 2023-03-03 03:40:48.421025 | 0xb822f7
 2023-03-03 03:47:12.723947 | 5108936 |    43380075918513566 | 2023-03-03 03:47:12.706715 | 0x734309
 2023-03-03 03:50:12.647233 | 5108951 |    38877286981942198 | 2023-03-03 03:50:12.634218 | 0xa3955e
 2023-03-03 03:53:24.862533 | 5108967 |    28655911035780361 | 2023-03-03 03:53:24.8498   | 0x3e1b1a
 2023-03-03 03:56:36.672339 | 5108983 |    36590008173954565 | 2023-03-03 03:56:36.654016 | 0x881160
 2023-03-03 03:57:12.649031 | 5108986 |    64964600573078376 | 2023-03-03 03:57:12.631879 | 0xc1839a
 2023-03-03 04:01:00.657406 | 5109005 |    42970541097946572 | 2023-03-03 04:01:00.639684 | 0xcb5ec8
 2023-03-03 04:01:24.734992 | 5109007 |    38901878178421287 | 2023-03-03 04:01:24.72085  | 0x7a3eb6
 2023-03-03 04:11:25.845447 | 5109057 |    42635921373827666 | 2023-03-03 04:11:25.826751 | 0xcc3122
 2023-03-03 04:15:24.660568 | 5109077 |    23565674875424425 | 2023-03-03 04:15:24.652077 | 0x10dad3
 2023-03-03 04:20:00.864013 | 5109100 |    64535509018143162 | 2023-03-03 04:20:00.847682 | 0xb2e9aa
 2023-03-03 04:21:48.703602 | 5109109 |    63767471653617143 | 2023-03-03 04:21:48.686288 | 0xfcd3ba
 2023-03-03 04:24:49.136632 | 5109124 |    30193132570510032 | 2023-03-03 04:24:49.125456 | 0x9abc03
 2023-03-03 04:32:24.875279 | 5109162 |    68287101825807577 | 2023-03-03 04:32:24.85379  | 0xcfa11a
 2023-03-03 04:35:48.618874 | 5109179 |    36722278986240387 | 2023-03-03 04:35:48.590088 | 0x2597b3
 2023-03-03 04:38:36.727167 | 5109193 |    64302825310611688 | 2023-03-03 04:38:36.711038 | 0x517567
 2023-03-03 04:42:48.936485 | 5109214 |    48163935174305293 | 2023-03-03 04:42:48.886385 | 0x527ffe
 2023-03-03 04:47:12.643484 | 5109236 |    28306900232766786 | 2023-03-03 04:47:12.630697 | 0xd55b1c
 2023-03-03 04:47:36.885165 | 5109238 |    34687419779074419 | 2023-03-03 04:47:36.871267 | 0xe59c31
 2023-03-03 04:49:00.632656 | 5109245 |    35752674075474122 | 2023-03-03 04:49:00.61598  | 0x1e0df5
 2023-03-03 04:49:49.325088 | 5109249 |    48552681201601113 | 2023-03-03 04:49:49.307444 | 0x3caac2
 2023-03-03 04:52:48.915921 | 5109264 |    34947504200046153 | 2023-03-03 04:52:48.854604 | 0x1286cb
 2023-03-03 04:59:48.744571 | 5109299 |    33863629027846213 | 2023-03-03 04:59:48.693393 | 0xd26079
 2023-03-03 05:01:36.806033 | 5109308 |    29851669648885794 | 2023-03-03 05:01:36.695534 | 0xcca85a
 2023-03-03 05:02:36.845229 | 5109313 |    22840160017891493 | 2023-03-03 05:02:36.830325 | 0xe55306
 2023-03-03 05:09:00.716376 | 5109345 |    38108180454302626 | 2023-03-03 05:09:00.692301 | 0x4aeec6
 2023-03-03 05:15:36.935634 | 5109378 |    57249464905607201 | 2023-03-03 05:15:36.743347 | 0x48ea68
 2023-03-03 05:18:24.740593 | 5109392 |    29462104284879427 | 2023-03-03 05:18:24.717863 | 0x622fb5
 2023-03-03 05:31:12.837342 | 5109456 |    47199484857098467 | 2023-03-03 05:31:12.767433 | 0xb063fb
 2023-03-03 05:37:48.712897 | 5109489 |    76765573778879312 | 2023-03-03 05:37:48.699378 | 0x13fdea
 2023-03-03 05:38:36.514281 | 5109493 |   371880245594704706 | 2023-03-03 05:38:36.501466 | 0x179d37
 2023-03-03 05:50:00.967944 | 5109550 |    35802432516470153 | 2023-03-03 05:50:00.954519 | 0x3e6131
 2023-03-03 05:52:48.583447 | 5109564 |    29554899200373841 | 2023-03-03 05:52:48.572812 | 0x4f2752
 2023-03-03 05:59:24.556281 | 5109597 |    31607157726545241 | 2023-03-03 05:59:24.542295 | 0xba8d09
 2023-03-03 06:22:24.906049 | 5109712 |    43511837532372113 | 2023-03-03 06:22:24.842424 | 0x3fae51
 2023-03-03 06:28:36.694738 | 5109743 |    35199473273398460 | 2023-03-03 06:28:36.680734 | 0x4e0897
 2023-03-03 06:31:37.009896 | 5109758 |    44327146636725238 | 2023-03-03 06:31:36.995834 | 0x6936e2
 2023-03-03 06:36:49.245615 | 5109784 |    33393101802677863 | 2023-03-03 06:36:49.232879 | 0xb98257
 2023-03-03 06:37:36.668181 | 5109788 |    41770577639918669 | 2023-03-03 06:37:36.653665 | 0xdae4e4
 2023-03-03 06:46:48.914478 | 5109834 |    53874550215416138 | 2023-03-03 06:46:48.846315 | 0x159b39
 2023-03-03 06:47:37.007119 | 5109838 |    38457528621382166 | 2023-03-03 06:47:36.993076 | 0x4bb6d2
 2023-03-03 06:52:25.025908 | 5109862 |    83428248018403874 | 2023-03-03 06:52:25.011902 | 0x249036
 2023-03-03 06:52:50.694494 | 5109864 |    66300443651589184 | 2023-03-03 06:52:50.679137 | 0x4f04a4
 2023-03-03 07:06:25.434195 | 5109932 |    88113123274332724 | 2023-03-03 07:06:25.254348 | 0x231d99
 2023-03-03 07:12:25.306807 | 5109962 |    82263505817790603 | 2023-03-03 07:12:25.265792 | 0xbf3b62
 2023-03-03 07:14:36.907538 | 5109973 |   199391116208740342 | 2023-03-03 07:14:36.87528  | 0xc35b61
 2023-03-03 07:17:24.734516 | 5109987 |   117717291334581515 | 2023-03-03 07:17:24.636422 | 0x123b80
 2023-03-03 07:42:36.895091 | 5110113 |    67823894918249917 | 2023-03-03 07:42:36.878302 | 0xbaf97a
 2023-03-03 07:50:00.755641 | 5110150 |    48518298226986432 | 2023-03-03 07:50:00.743606 | 0xb1dd0a
 2023-03-03 07:51:24.624967 | 5110157 |    59114196865675315 | 2023-03-03 07:51:24.60942  | 0x852906
 2023-03-03 07:51:49.028896 | 5110159 |    78029256175274007 | 2023-03-03 07:51:49.012826 | 0x1c3942
 2023-03-03 07:56:36.734972 | 5110183 |    46308665442536335 | 2023-03-03 07:56:36.715152 | 0x1369a9
 2023-03-03 07:58:00.754036 | 5110190 |    25621045418519077 | 2023-03-03 07:58:00.744285 | 0xe97516
 2023-03-03 08:01:24.591972 | 5110207 |   113548962762091646 | 2023-03-03 08:01:24.579727 | 0x0c6280
 2023-03-03 08:14:12.812118 | 5110271 |   114890939659382792 | 2023-03-03 08:14:12.797612 | 0xbd5e28
 2023-03-03 08:16:36.71498  | 5110283 |   149680762951033889 | 2023-03-03 08:16:36.700662 | 0x3201c1
 2023-03-03 08:30:00.948828 | 5110350 |   141166997167168274 | 2023-03-03 08:30:00.848568 | 0xa138a7
 2023-03-03 08:35:24.854732 | 5110377 |   138760381817260844 | 2023-03-03 08:35:24.84482  | 0x542a16
 2023-03-03 08:35:37.262247 | 5110378 |   115175110067591319 | 2023-03-03 08:35:37.248046 | 0x079cb4
 2023-03-03 08:43:24.890841 | 5110417 |    86870969950244727 | 2023-03-03 08:43:24.716886 | 0x913af6
 2023-03-03 08:47:00.737878 | 5110435 |    92561603126716513 | 2023-03-03 08:47:00.676484 | 0x256593
 2023-03-03 08:50:12.913409 | 5110451 |   183641936213505450 | 2023-03-03 08:50:12.511665 | 0x363594
 2023-03-03 08:52:24.738021 | 5110462 |   103284193067395412 | 2023-03-03 08:52:24.719139 | 0x7c386f
 2023-03-03 09:02:48.705613 | 5110514 |   118028085323790113 | 2023-03-03 09:02:48.689438 | 0x445863
 2023-03-03 09:07:00.765457 | 5110535 |    66662711357844491 | 2023-03-03 09:07:00.748923 | 0x9bd3c4
 2023-03-03 09:13:37.013179 | 5110568 |   105644753242689566 | 2023-03-03 09:13:36.816979 | 0xdbd02e
 2023-03-03 09:26:12.43342  | 5110631 |    87228103522701662 | 2023-03-03 09:26:12.41638  | 0x2ccfd9
 2023-03-03 09:29:49.005633 | 5110649 |   250007319456916993 | 2023-03-03 09:29:48.712714 | 0xde8de9
 2023-03-03 09:35:48.821194 | 5110679 |    91281952781735445 | 2023-03-03 09:35:48.810612 | 0x8c8979
 2023-03-03 09:39:00.474145 | 5110695 |    75025419671832614 | 2023-03-03 09:39:00.462678 | 0x9a9503
 2023-03-03 09:39:12.744139 | 5110696 |    68956581910131796 | 2023-03-03 09:39:12.639554 | 0x041f00
 2023-03-03 09:39:24.738382 | 5110697 |    72307711829113084 | 2023-03-03 09:39:24.70982  | 0x6f424d
 2023-03-03 09:50:48.945196 | 5110754 |   153009806123869067 | 2023-03-03 09:50:48.845876 | 0xc74cd0
 2023-03-03 09:52:12.851121 | 5110761 |    81246091537788184 | 2023-03-03 09:52:12.83786  | 0xcdbe00
 2023-03-03 09:58:12.501901 | 5110791 |   226478839129968573 | 2023-03-03 09:58:12.48634  | 0xf6145a
 2023-03-03 10:11:49.041922 | 5110859 |   116874751473188688 | 2023-03-03 10:11:48.840397 | 0x3e7bd1
 2023-03-03 10:12:24.688473 | 5110862 |    74194102139990046 | 2023-03-03 10:12:24.676461 | 0xcb80b5
 2023-03-03 10:16:24.667777 | 5110882 |   145709144600558364 | 2023-03-03 10:16:24.65295  | 0xbfaa29
 2023-03-03 10:38:48.690018 | 5110994 |   296779756957037564 | 2023-03-03 10:38:48.676649 | 0xf39d9d
 2023-03-03 10:40:24.711352 | 5111002 |   111530232683611829 | 2023-03-03 10:40:24.697662 | 0x57153f
 2023-03-03 10:43:48.643067 | 5111019 |   109943420596376520 | 2023-03-03 10:43:48.633676 | 0x4e7c90
 2023-03-03 10:44:36.747937 | 5111023 |   128238708998759029 | 2023-03-03 10:44:36.732645 | 0x3754a0
 2023-03-03 10:45:01.222099 | 5111025 |   216269527178271058 | 2023-03-03 10:45:01.20161  | 0xe3a6f8
 2023-03-03 10:45:12.833165 | 5111026 |    88085781355666743 | 2023-03-03 10:45:12.814512 | 0x94c3f5
 2023-03-03 10:46:24.640965 | 5111032 |   166796455653890512 | 2023-03-03 10:46:24.603299 | 0xfca597
 2023-03-03 10:46:36.734053 | 5111033 |   138171891343405401 | 2023-03-03 10:46:36.639518 | 0x1c9c1e
 2023-03-03 10:58:12.712609 | 5111091 |    86535969680236371 | 2023-03-03 10:58:12.648643 | 0x06f480
 2023-03-03 11:05:12.79107  | 5111126 |    84272475507364233 | 2023-03-03 11:05:12.778308 | 0xe91b9b
 2023-03-03 11:06:12.715386 | 5111131 |    80628815019508970 | 2023-03-03 11:06:12.642682 | 0xd3a58d
 2023-03-03 11:24:25.235854 | 5111222 |   141487389472732099 | 2023-03-03 11:24:24.64181  | 0xd1661b
 2023-03-03 11:25:00.838749 | 5111225 |   109421154630245676 | 2023-03-03 11:25:00.769532 | 0xa26270
 2023-03-03 11:41:13.274502 | 5111306 |    87473542150509509 | 2023-03-03 11:41:13.261648 | 0x352903
 2023-03-03 11:42:01.037628 | 5111310 |   119093420262142272 | 2023-03-03 11:42:00.996711 | 0x5d1b77
 2023-03-03 11:53:00.854109 | 5111365 |   136649142645410376 | 2023-03-03 11:53:00.820133 | 0x9853fe
 2023-03-03 11:53:36.474495 | 5111368 |   157226737129722162 | 2023-03-03 11:53:36.455625 | 0x776541
 2023-03-03 11:57:24.425361 | 5111387 |    90716707370016921 | 2023-03-03 11:57:24.413152 | 0xc9ccb5
 2023-03-03 12:04:37.095628 | 5111423 |    84951418885013726 | 2023-03-03 12:04:37.082078 | 0x7a4252
 2023-03-03 12:15:36.677086 | 5111478 |    76961043938800622 | 2023-03-03 12:15:36.659087 | 0xd92ea8
 2023-03-03 12:28:48.917355 | 5111544 |   129024584317699203 | 2023-03-03 12:28:48.904861 | 0xa6428a
 2023-03-03 12:39:00.380852 | 5111595 |    46091126889011297 | 2023-03-03 12:39:00.369864 | 0xf851f8
 2023-03-03 12:42:24.797428 | 5111612 |    51466194978848548 | 2023-03-03 12:42:24.787999 | 0xc0873a
 2023-03-03 12:45:24.939724 | 5111627 |   128766766395568173 | 2023-03-03 12:45:24.863423 | 0x3c833e
 2023-03-03 12:51:48.785004 | 5111659 |    79444586764074562 | 2023-03-03 12:51:48.7724   | 0x78ca9c
 2023-03-03 12:59:24.808847 | 5111697 |    46192809738266057 | 2023-03-03 12:59:24.708407 | 0xc97a15
 2023-03-03 13:01:24.787126 | 5111707 |    80311836798031477 | 2023-03-03 13:01:24.767156 | 0xbe71ee
 2023-03-03 13:01:36.553594 | 5111708 |    71335206729831197 | 2023-03-03 13:01:36.539742 | 0x6cc162
 2023-03-03 13:06:36.639514 | 5111733 |    67649897972222626 | 2023-03-03 13:06:36.622674 | 0xb9313e
 2023-03-03 13:10:24.906397 | 5111752 |    89556768614873715 | 2023-03-03 13:10:24.81713  | 0x323f76
 2023-03-03 13:11:12.854433 | 5111756 |    73292204787792229 | 2023-03-03 13:11:12.832598 | 0xfde566
 2023-03-03 13:14:36.837818 | 5111773 |    58886566936511104 | 2023-03-03 13:14:36.823201 | 0xc3b03b
 2023-03-03 13:15:00.742956 | 5111775 |    93710159416814082 | 2023-03-03 13:15:00.645336 | 0xb2e1a6
 2023-03-03 13:17:00.847125 | 5111785 |    72158654499823998 | 2023-03-03 13:17:00.739112 | 0x7aa583
 2023-03-03 13:19:01.011898 | 5111795 |   149154847016919032 | 2023-03-03 13:19:00.996428 | 0x0293df
 2023-03-03 13:22:36.708721 | 5111813 |    75730989555548706 | 2023-03-03 13:22:36.631721 | 0xab4ed1
 2023-03-03 13:25:48.688215 | 5111829 |    88155798907855318 | 2023-03-03 13:25:48.674688 | 0x88038d
 2023-03-03 13:28:48.762434 | 5111844 |    50936451051402791 | 2023-03-03 13:28:48.7471   | 0x60e8e9
 2023-03-03 13:32:00.624778 | 5111860 |   106679183590555473 | 2023-03-03 13:32:00.611733 | 0x8327c7
 2023-03-03 13:42:48.84913  | 5111914 |    81288735534827250 | 2023-03-03 13:42:48.836521 | 0x0262e5
 2023-03-03 13:43:48.662383 | 5111919 |    49404054442723565 | 2023-03-03 13:43:48.649063 | 0xfc7251
 2023-03-03 13:49:48.678822 | 5111949 |   134392446673281694 | 2023-03-03 13:49:48.661118 | 0xcf7f17
 2023-03-03 13:59:48.966838 | 5111999 |   225401151219824390 | 2023-03-03 13:59:48.949639 | 0xb387cf
 2023-03-03 14:03:00.448255 | 5112015 |    89986867233224339 | 2023-03-03 14:03:00.340698 | 0x7e5dd8
 2023-03-03 14:07:36.624279 | 5112038 |    32048281829175582 | 2023-03-03 14:07:36.609905 | 0x2ade96
 2023-03-03 14:11:48.539044 | 5112059 |   190100705507273154 | 2023-03-03 14:11:48.460072 | 0xb5fef3
 2023-03-03 14:19:36.717234 | 5112098 |    88284084374259083 | 2023-03-03 14:19:36.674693 | 0x91f953
 2023-03-03 14:32:36.542915 | 5112163 |   292929595141804272 | 2023-03-03 14:32:36.5171   | 0x1cbd57
 2023-03-03 14:36:36.781979 | 5112183 |   129981330630305354 | 2023-03-03 14:36:36.766468 | 0xfe6db3
