blocknum,relay,pubkey
16707672,,
16707686,,
16707713,,
16707751,,
16707752,blox-maxprofit,0xafc9274fe595e8cff421ab9e73b031f0dff707ea1852e2233ff070ef18e3876e25c44a9831c4b5f802653d4678ccc31f
16707786,agnostic,0x8ed74896fb129ac7f48d6a2908400044103b65d5c4e8f63feafd849f90fc174a4b71206a51b9453c12292bab3a92a4a2
16707805,blocknative,0x8000008a03ebae7d8ab2f66659bd719a698b2e74097d1e423df85e0d58571140527c15052a36c19878018aaebe8a6fea
16707817,,
16707821,,
16707827,,
16707832,blox-maxprofit,0x8b8edce58fafe098763e4fabdeb318d347f9238845f22c507e813186ea7d44adecd3028f9288048f9ad3bc7c7c735fba
16707852,eden,0x91970c2db7c12510acb2e9c45844f7de602f83a7f31064f7ca04a807b607d7aebfc0abda73c036a92e5c3e56ebca04b7
16707869,blox-ethical,0x82801ab0556f7df1fb9bb3a61ca84beea8285a8dc3c455a7ea16a8b2993fe06058e0e7d275b28ea5d9f2ae995aa72605
16707900,,
16707920,blox-maxprofit,0xafc9274fe595e8cff421ab9e73b031f0dff707ea1852e2233ff070ef18e3876e25c44a9831c4b5f802653d4678ccc31f
16707938,blocknative,0x8000008a03ebae7d8ab2f66659bd719a698b2e74097d1e423df85e0d58571140527c15052a36c19878018aaebe8a6fea
16707968,blox-maxprofit,0x94aa4ee318f39b56547a253700917982f4b737a49fc3f99ce08fa715e488e673d88a60f7d2cf9145a05127f17dcb7c67
16707977,blocknative,0x8000008a03ebae7d8ab2f66659bd719a698b2e74097d1e423df85e0d58571140527c15052a36c19878018aaebe8a6fea
16707982,blocknative,0x8000008a03ebae7d8ab2f66659bd719a698b2e74097d1e423df85e0d58571140527c15052a36c19878018aaebe8a6fea
16708016,blocknative,0x8000008a03ebae7d8ab2f66659bd719a698b2e74097d1e423df85e0d58571140527c15052a36c19878018aaebe8a6fea
16708046,blox-maxprofit,0x94aa4ee318f39b56547a253700917982f4b737a49fc3f99ce08fa715e488e673d88a60f7d2cf9145a05127f17dcb7c67
16708050,blox-maxprofit,0xafc9274fe595e8cff421ab9e73b031f0dff707ea1852e2233ff070ef18e3876e25c44a9831c4b5f802653d4678ccc31f
16708062,blox-maxprofit,0x94aa4ee318f39b56547a253700917982f4b737a49fc3f99ce08fa715e488e673d88a60f7d2cf9145a05127f17dcb7c67
16708108,blocknative,0x8000008a03ebae7d8ab2f66659bd719a698b2e74097d1e423df85e0d58571140527c15052a36c19878018aaebe8a6fea
16708142,blocknative,0x96a59d355b1f65e270b29981dd113625732539e955a1beeecbc471dd0196c4804574ff871d47ed34ff6d921061e9fc27
16708169,,
16708176,,
16708195,blocknative,0x8000008a03ebae7d8ab2f66659bd719a698b2e74097d1e423df85e0d58571140527c15052a36c19878018aaebe8a6fea
16708196,,
16708222,,
16708248,,
16708315,,
16708360,blox-maxprofit,0xafc9274fe595e8cff421ab9e73b031f0dff707ea1852e2233ff070ef18e3876e25c44a9831c4b5f802653d4678ccc31f
16708363,blox-maxprofit,0x94aa4ee318f39b56547a253700917982f4b737a49fc3f99ce08fa715e488e673d88a60f7d2cf9145a05127f17dcb7c67
16708370,,
16708389,,
16708397,,
16708417,,
16708424,,
16708450,,
16708460,,
16708464,blox-maxprofit,0xafc9274fe595e8cff421ab9e73b031f0dff707ea1852e2233ff070ef18e3876e25c44a9831c4b5f802653d4678ccc31f
16708490,,
16708510,eden,0x91970c2db7c12510acb2e9c45844f7de602f83a7f31064f7ca04a807b607d7aebfc0abda73c036a92e5c3e56ebca04b7
16708517,blocknative,0x8000008a03ebae7d8ab2f66659bd719a698b2e74097d1e423df85e0d58571140527c15052a36c19878018aaebe8a6fea
16708534,blocknative,0x8000008a03ebae7d8ab2f66659bd719a698b2e74097d1e423df85e0d58571140527c15052a36c19878018aaebe8a6fea
16708573,,
16708625,blox-maxprofit,0xafc9274fe595e8cff421ab9e73b031f0dff707ea1852e2233ff070ef18e3876e25c44a9831c4b5f802653d4678ccc31f
16708651,blocknative,0x8000008a03ebae7d8ab2f66659bd719a698b2e74097d1e423df85e0d58571140527c15052a36c19878018aaebe8a6fea
16708653,blox-maxprofit,0xafc9274fe595e8cff421ab9e73b031f0dff707ea1852e2233ff070ef18e3876e25c44a9831c4b5f802653d4678ccc31f
16708669,blox-maxprofit,0xafc9274fe595e8cff421ab9e73b031f0dff707ea1852e2233ff070ef18e3876e25c44a9831c4b5f802653d4678ccc31f
16708693,,
16708725,blox-maxprofit,0xafc9274fe595e8cff421ab9e73b031f0dff707ea1852e2233ff070ef18e3876e25c44a9831c4b5f802653d4678ccc31f
16708726,blox-maxprofit,0xafc9274fe595e8cff421ab9e73b031f0dff707ea1852e2233ff070ef18e3876e25c44a9831c4b5f802653d4678ccc31f
16708731,blox-ethical,0x82801ab0556f7df1fb9bb3a61ca84beea8285a8dc3c455a7ea16a8b2993fe06058e0e7d275b28ea5d9f2ae995aa72605
16708734,blocknative,0x8000008a03ebae7d8ab2f66659bd719a698b2e74097d1e423df85e0d58571140527c15052a36c19878018aaebe8a6fea
16708757,blox-regulated,0x80c7311597316f871363f8395b6a8d056071d90d8eb27defd14759e8522786061b13728623452740ba05055f5ba9d3d5
16708764,blox-maxprofit,0x94aa4ee318f39b56547a253700917982f4b737a49fc3f99ce08fa715e488e673d88a60f7d2cf9145a05127f17dcb7c67
16708774,blocknative,0x8000008a03ebae7d8ab2f66659bd719a698b2e74097d1e423df85e0d58571140527c15052a36c19878018aaebe8a6fea
16708794,,
16708797,blox-maxprofit,0x83d3495a2951065cf19c4d282afca0a635a39f6504bd76282ed0138fe28680ec60fa3fd149e6d27a94a7d90e7b1fb640
16708800,blox-maxprofit,0xafc9274fe595e8cff421ab9e73b031f0dff707ea1852e2233ff070ef18e3876e25c44a9831c4b5f802653d4678ccc31f
16708806,,
16708808,blox-maxprofit,0xafc9274fe595e8cff421ab9e73b031f0dff707ea1852e2233ff070ef18e3876e25c44a9831c4b5f802653d4678ccc31f
16708820,,
16708838,,
16708840,,
16708865,,
16708921,,
16708936,,
16708938,,
16708958,blox-maxprofit,0xafc9274fe595e8cff421ab9e73b031f0dff707ea1852e2233ff070ef18e3876e25c44a9831c4b5f802653d4678ccc31f
16708962,blox-maxprofit,0xafc9274fe595e8cff421ab9e73b031f0dff707ea1852e2233ff070ef18e3876e25c44a9831c4b5f802653d4678ccc31f
16708966,blocknative,0x8000008a03ebae7d8ab2f66659bd719a698b2e74097d1e423df85e0d58571140527c15052a36c19878018aaebe8a6fea
16708974,blox-maxprofit,0xafc9274fe595e8cff421ab9e73b031f0dff707ea1852e2233ff070ef18e3876e25c44a9831c4b5f802653d4678ccc31f
16708982,blox-ethical,0x82801ab0556f7df1fb9bb3a61ca84beea8285a8dc3c455a7ea16a8b2993fe06058e0e7d275b28ea5d9f2ae995aa72605
16709010,blox-ethical,0xb086acdd8da6a11c973b4b26d8c955addbae4506c78defbeb5d4e00c1266b802ff86ec7457c4c3c7c573fa1e64f7e9e0
16709023,,
16709028,blox-maxprofit,0xafc9274fe595e8cff421ab9e73b031f0dff707ea1852e2233ff070ef18e3876e25c44a9831c4b5f802653d4678ccc31f
16709035,blox-maxprofit,0x94aa4ee318f39b56547a253700917982f4b737a49fc3f99ce08fa715e488e673d88a60f7d2cf9145a05127f17dcb7c67
16709053,blocknative,0x8000008a03ebae7d8ab2f66659bd719a698b2e74097d1e423df85e0d58571140527c15052a36c19878018aaebe8a6fea
16709059,blox-maxprofit,0xafc9274fe595e8cff421ab9e73b031f0dff707ea1852e2233ff070ef18e3876e25c44a9831c4b5f802653d4678ccc31f
16709060,,
16709061,,
16709082,agnostic,0x83d3495a2951065cf19c4d282afca0a635a39f6504bd76282ed0138fe28680ec60fa3fd149e6d27a94a7d90e7b1fb640
16709092,manifold,0x8d0187110022b21a97a265d9b98aae51cdd563e53ceacb6ca9ebd0dcdac91866a52aff73836d95ef1e587591291abb02
16709099,blox-ethical,0xb086acdd8da6a11c973b4b26d8c955addbae4506c78defbeb5d4e00c1266b802ff86ec7457c4c3c7c573fa1e64f7e9e0
16709099,blox-maxprofit,0x94aa4ee318f39b56547a253700917982f4b737a49fc3f99ce08fa715e488e673d88a60f7d2cf9145a05127f17dcb7c67
16709120,blocknative,0x8000008a03ebae7d8ab2f66659bd719a698b2e74097d1e423df85e0d58571140527c15052a36c19878018aaebe8a6fea
16709127,blox-maxprofit,0xafc9274fe595e8cff421ab9e73b031f0dff707ea1852e2233ff070ef18e3876e25c44a9831c4b5f802653d4678ccc31f
16709138,blox-maxprofit,0x94aa4ee318f39b56547a253700917982f4b737a49fc3f99ce08fa715e488e673d88a60f7d2cf9145a05127f17dcb7c67
16709146,blox-maxprofit,0x94aa4ee318f39b56547a253700917982f4b737a49fc3f99ce08fa715e488e673d88a60f7d2cf9145a05127f17dcb7c67
16709151,blox-ethical,0xb086acdd8da6a11c973b4b26d8c955addbae4506c78defbeb5d4e00c1266b802ff86ec7457c4c3c7c573fa1e64f7e9e0
16709196,,
16709200,blox-maxprofit,0x94aa4ee318f39b56547a253700917982f4b737a49fc3f99ce08fa715e488e673d88a60f7d2cf9145a05127f17dcb7c67
16709213,,
16709230,flashbots,0x8ed74896fb129ac7f48d6a2908400044103b65d5c4e8f63feafd849f90fc174a4b71206a51b9453c12292bab3a92a4a2
16709232,,
16709236,eden,0x91970c2db7c12510acb2e9c45844f7de602f83a7f31064f7ca04a807b607d7aebfc0abda73c036a92e5c3e56ebca04b7
16709242,blox-maxprofit,0x94aa4ee318f39b56547a253700917982f4b737a49fc3f99ce08fa715e488e673d88a60f7d2cf9145a05127f17dcb7c67
16709252,eden,0x8e39849ceabc8710de49b2ca7053813de18b1c12d9ee22149dac4b90b634dd7e6d1e7d3c2b4df806ce32c6228eb70a8b
16709262,,
16709279,blox-maxprofit,0xafc9274fe595e8cff421ab9e73b031f0dff707ea1852e2233ff070ef18e3876e25c44a9831c4b5f802653d4678ccc31f
16709323,,
16709333,eden,0x91970c2db7c12510acb2e9c45844f7de602f83a7f31064f7ca04a807b607d7aebfc0abda73c036a92e5c3e56ebca04b7
16709340,,
16709381,blox-maxprofit,0x94aa4ee318f39b56547a253700917982f4b737a49fc3f99ce08fa715e488e673d88a60f7d2cf9145a05127f17dcb7c67
16709387,,
16709437,,
16709447,blox-maxprofit,0xafc9274fe595e8cff421ab9e73b031f0dff707ea1852e2233ff070ef18e3876e25c44a9831c4b5f802653d4678ccc31f
16709477,,
16709496,blocknative,0x8000008a03ebae7d8ab2f66659bd719a698b2e74097d1e423df85e0d58571140527c15052a36c19878018aaebe8a6fea
16709521,blox-maxprofit,0x94aa4ee318f39b56547a253700917982f4b737a49fc3f99ce08fa715e488e673d88a60f7d2cf9145a05127f17dcb7c67
16709543,,
16709571,blocknative,0xb5d883565500910f3f10f0a2e3a031139d972117a3b67da191ff93ba00ba26502d9b65385b5bca5e7c587273e40f2319
16709604,,
16709633,,
16709672,blox-maxprofit,0xafc9274fe595e8cff421ab9e73b031f0dff707ea1852e2233ff070ef18e3876e25c44a9831c4b5f802653d4678ccc31f
16709674,blocknative,0x8000008a03ebae7d8ab2f66659bd719a698b2e74097d1e423df85e0d58571140527c15052a36c19878018aaebe8a6fea
16709675,agnostic,0x8ed74896fb129ac7f48d6a2908400044103b65d5c4e8f63feafd849f90fc174a4b71206a51b9453c12292bab3a92a4a2
16709679,blocknative,0x8000008a03ebae7d8ab2f66659bd719a698b2e74097d1e423df85e0d58571140527c15052a36c19878018aaebe8a6fea
16709684,blox-maxprofit,0xafc9274fe595e8cff421ab9e73b031f0dff707ea1852e2233ff070ef18e3876e25c44a9831c4b5f802653d4678ccc31f
16709687,blox-maxprofit,0xafc9274fe595e8cff421ab9e73b031f0dff707ea1852e2233ff070ef18e3876e25c44a9831c4b5f802653d4678ccc31f
16709699,,
16709718,blocknative,0x8000008a03ebae7d8ab2f66659bd719a698b2e74097d1e423df85e0d58571140527c15052a36c19878018aaebe8a6fea
16709788,agnostic,0x83d3495a2951065cf19c4d282afca0a635a39f6504bd76282ed0138fe28680ec60fa3fd149e6d27a94a7d90e7b1fb640
16709799,,
16709810,,
16709818,blox-maxprofit,0xafc9274fe595e8cff421ab9e73b031f0dff707ea1852e2233ff070ef18e3876e25c44a9831c4b5f802653d4678ccc31f
16709920,,
16709929,blox-ethical,0xb086acdd8da6a11c973b4b26d8c955addbae4506c78defbeb5d4e00c1266b802ff86ec7457c4c3c7c573fa1e64f7e9e0
16709945,agnostic,0x83d3495a2951065cf19c4d282afca0a635a39f6504bd76282ed0138fe28680ec60fa3fd149e6d27a94a7d90e7b1fb640
16709959,blox-maxprofit,0xafc9274fe595e8cff421ab9e73b031f0dff707ea1852e2233ff070ef18e3876e25c44a9831c4b5f802653d4678ccc31f
16709966,blocknative,0x8000008a03ebae7d8ab2f66659bd719a698b2e74097d1e423df85e0d58571140527c15052a36c19878018aaebe8a6fea
16709974,blox-maxprofit,0x94aa4ee318f39b56547a253700917982f4b737a49fc3f99ce08fa715e488e673d88a60f7d2cf9145a05127f17dcb7c67
16710017,blocknative,0x8000008a03ebae7d8ab2f66659bd719a698b2e74097d1e423df85e0d58571140527c15052a36c19878018aaebe8a6fea
16710031,blox-maxprofit,0x83d3495a2951065cf19c4d282afca0a635a39f6504bd76282ed0138fe28680ec60fa3fd149e6d27a94a7d90e7b1fb640
16710041,,
16710049,,
16710067,agnostic,0x83d3495a2951065cf19c4d282afca0a635a39f6504bd76282ed0138fe28680ec60fa3fd149e6d27a94a7d90e7b1fb640
16710080,,
16710111,,
16710118,,
16710137,blox-maxprofit,0x976e63c505050e25b70b39238990c78ddf0948685eb8c5687d17ba5089541f37dd3c45999f2db449eac298b1d4856013
16710147,,
16710161,manifold,0x8d0187110022b21a97a265d9b98aae51cdd563e53ceacb6ca9ebd0dcdac91866a52aff73836d95ef1e587591291abb02
16710202,blocknative,0x8000008a03ebae7d8ab2f66659bd719a698b2e74097d1e423df85e0d58571140527c15052a36c19878018aaebe8a6fea
16710204,,
16710236,,
16710252,blocknative,0x8000008a03ebae7d8ab2f66659bd719a698b2e74097d1e423df85e0d58571140527c15052a36c19878018aaebe8a6fea
16710288,blox-maxprofit,0x94aa4ee318f39b56547a253700917982f4b737a49fc3f99ce08fa715e488e673d88a60f7d2cf9145a05127f17dcb7c67
16710345,,
16710362,blox-maxprofit,0x83d3495a2951065cf19c4d282afca0a635a39f6504bd76282ed0138fe28680ec60fa3fd149e6d27a94a7d90e7b1fb640
16710367,blocknative,0x8000008a03ebae7d8ab2f66659bd719a698b2e74097d1e423df85e0d58571140527c15052a36c19878018aaebe8a6fea
16710378,,
16710384,,
16710408,blocknative,0x8000008a03ebae7d8ab2f66659bd719a698b2e74097d1e423df85e0d58571140527c15052a36c19878018aaebe8a6fea
16710409,blox-maxprofit,0x94aa4ee318f39b56547a253700917982f4b737a49fc3f99ce08fa715e488e673d88a60f7d2cf9145a05127f17dcb7c67
16710414,blox-maxprofit,0x976e63c505050e25b70b39238990c78ddf0948685eb8c5687d17ba5089541f37dd3c45999f2db449eac298b1d4856013
16710418,,
16710424,blocknative,0x8000008a03ebae7d8ab2f66659bd719a698b2e74097d1e423df85e0d58571140527c15052a36c19878018aaebe8a6fea
16710441,flashbots,0x8ed74896fb129ac7f48d6a2908400044103b65d5c4e8f63feafd849f90fc174a4b71206a51b9453c12292bab3a92a4a2
16710448,manifold,0x8d0187110022b21a97a265d9b98aae51cdd563e53ceacb6ca9ebd0dcdac91866a52aff73836d95ef1e587591291abb02
16710475,blox-maxprofit,0xafc9274fe595e8cff421ab9e73b031f0dff707ea1852e2233ff070ef18e3876e25c44a9831c4b5f802653d4678ccc31f
16710476,blox-maxprofit,0x976e63c505050e25b70b39238990c78ddf0948685eb8c5687d17ba5089541f37dd3c45999f2db449eac298b1d4856013
16710480,relayooor,0x83d3495a2951065cf19c4d282afca0a635a39f6504bd76282ed0138fe28680ec60fa3fd149e6d27a94a7d90e7b1fb640
16710486,agnostic,0x83d3495a2951065cf19c4d282afca0a635a39f6504bd76282ed0138fe28680ec60fa3fd149e6d27a94a7d90e7b1fb640
16710497,,
16710504,eden,0x91970c2db7c12510acb2e9c45844f7de602f83a7f31064f7ca04a807b607d7aebfc0abda73c036a92e5c3e56ebca04b7
16710509,,
16710538,blox-maxprofit,0xafc9274fe595e8cff421ab9e73b031f0dff707ea1852e2233ff070ef18e3876e25c44a9831c4b5f802653d4678ccc31f
16710540,,
16710545,,
16710548,,
16710554,blox-maxprofit,0x83d3495a2951065cf19c4d282afca0a635a39f6504bd76282ed0138fe28680ec60fa3fd149e6d27a94a7d90e7b1fb640
16710564,manifold,0x8d0187110022b21a97a265d9b98aae51cdd563e53ceacb6ca9ebd0dcdac91866a52aff73836d95ef1e587591291abb02
16710588,blox-ethical,0xb086acdd8da6a11c973b4b26d8c955addbae4506c78defbeb5d4e00c1266b802ff86ec7457c4c3c7c573fa1e64f7e9e0
16710590,,
16710602,blox-ethical,0xb086acdd8da6a11c973b4b26d8c955addbae4506c78defbeb5d4e00c1266b802ff86ec7457c4c3c7c573fa1e64f7e9e0
16710602,blox-maxprofit,0x94aa4ee318f39b56547a253700917982f4b737a49fc3f99ce08fa715e488e673d88a60f7d2cf9145a05127f17dcb7c67
16710603,,
16710614,,
16710615,,
16710639,,
16710691,blox-maxprofit,0x94aa4ee318f39b56547a253700917982f4b737a49fc3f99ce08fa715e488e673d88a60f7d2cf9145a05127f17dcb7c67
16710693,,
16710723,,
16710724,,
16710731,blox-maxprofit,0x94aa4ee318f39b56547a253700917982f4b737a49fc3f99ce08fa715e488e673d88a60f7d2cf9145a05127f17dcb7c67
16710748,,
16710755,,
16710773,blox-maxprofit,0xafc9274fe595e8cff421ab9e73b031f0dff707ea1852e2233ff070ef18e3876e25c44a9831c4b5f802653d4678ccc31f
16710775,blox-maxprofit,0xafc9274fe595e8cff421ab9e73b031f0dff707ea1852e2233ff070ef18e3876e25c44a9831c4b5f802653d4678ccc31f
16710817,blocknative,0x8000008a03ebae7d8ab2f66659bd719a698b2e74097d1e423df85e0d58571140527c15052a36c19878018aaebe8a6fea
16710820,eden,0x91970c2db7c12510acb2e9c45844f7de602f83a7f31064f7ca04a807b607d7aebfc0abda73c036a92e5c3e56ebca04b7
16710827,flashbots,0xb8fceec09779ff758918a849bfe8ab43cea79f6a98320af0af5b030f6a7850fcc5883cb965d02efb10eed1ffa987e899
16710845,,
16710900,eden,0x91970c2db7c12510acb2e9c45844f7de602f83a7f31064f7ca04a807b607d7aebfc0abda73c036a92e5c3e56ebca04b7
16710907,blox-maxprofit,0xafc9274fe595e8cff421ab9e73b031f0dff707ea1852e2233ff070ef18e3876e25c44a9831c4b5f802653d4678ccc31f
16710931,blox-maxprofit,0x976e63c505050e25b70b39238990c78ddf0948685eb8c5687d17ba5089541f37dd3c45999f2db449eac298b1d4856013
16710933,blox-ethical,0x82801ab0556f7df1fb9bb3a61ca84beea8285a8dc3c455a7ea16a8b2993fe06058e0e7d275b28ea5d9f2ae995aa72605
16710933,blox-maxprofit,0x976e63c505050e25b70b39238990c78ddf0948685eb8c5687d17ba5089541f37dd3c45999f2db449eac298b1d4856013
16710934,blox-maxprofit,0xafc9274fe595e8cff421ab9e73b031f0dff707ea1852e2233ff070ef18e3876e25c44a9831c4b5f802653d4678ccc31f
16710936,blox-ethical,0xb086acdd8da6a11c973b4b26d8c955addbae4506c78defbeb5d4e00c1266b802ff86ec7457c4c3c7c573fa1e64f7e9e0
16710949,blocknative,0x8000008a03ebae7d8ab2f66659bd719a698b2e74097d1e423df85e0d58571140527c15052a36c19878018aaebe8a6fea
16710957,,
16710976,blox-maxprofit,0xafc9274fe595e8cff421ab9e73b031f0dff707ea1852e2233ff070ef18e3876e25c44a9831c4b5f802653d4678ccc31f
16710977,blox-maxprofit,0xafc9274fe595e8cff421ab9e73b031f0dff707ea1852e2233ff070ef18e3876e25c44a9831c4b5f802653d4678ccc31f
16710989,blox-maxprofit,0xafc9274fe595e8cff421ab9e73b031f0dff707ea1852e2233ff070ef18e3876e25c44a9831c4b5f802653d4678ccc31f
16711023,blox-ethical,0x82801ab0556f7df1fb9bb3a61ca84beea8285a8dc3c455a7ea16a8b2993fe06058e0e7d275b28ea5d9f2ae995aa72605
16711037,,
16711043,blox-maxprofit,0xafc9274fe595e8cff421ab9e73b031f0dff707ea1852e2233ff070ef18e3876e25c44a9831c4b5f802653d4678ccc31f
16711045,blocknative,0x8000008a03ebae7d8ab2f66659bd719a698b2e74097d1e423df85e0d58571140527c15052a36c19878018aaebe8a6fea
16711048,blox-ethical,0xb086acdd8da6a11c973b4b26d8c955addbae4506c78defbeb5d4e00c1266b802ff86ec7457c4c3c7c573fa1e64f7e9e0
16711051,blocknative,0x8000008a03ebae7d8ab2f66659bd719a698b2e74097d1e423df85e0d58571140527c15052a36c19878018aaebe8a6fea
16711066,,
16711071,,
16711085,blox-maxprofit,0xafc9274fe595e8cff421ab9e73b031f0dff707ea1852e2233ff070ef18e3876e25c44a9831c4b5f802653d4678ccc31f
16711098,blox-maxprofit,0x94aa4ee318f39b56547a253700917982f4b737a49fc3f99ce08fa715e488e673d88a60f7d2cf9145a05127f17dcb7c67
16711101,manifold,0x8d0187110022b21a97a265d9b98aae51cdd563e53ceacb6ca9ebd0dcdac91866a52aff73836d95ef1e587591291abb02
16711116,,
16711134,,
16711139,blocknative,0x8000008a03ebae7d8ab2f66659bd719a698b2e74097d1e423df85e0d58571140527c15052a36c19878018aaebe8a6fea
16711141,blox-ethical,0xb086acdd8da6a11c973b4b26d8c955addbae4506c78defbeb5d4e00c1266b802ff86ec7457c4c3c7c573fa1e64f7e9e0
16711141,blox-maxprofit,0x94aa4ee318f39b56547a253700917982f4b737a49fc3f99ce08fa715e488e673d88a60f7d2cf9145a05127f17dcb7c67
16711158,blocknative,0x8000008a03ebae7d8ab2f66659bd719a698b2e74097d1e423df85e0d58571140527c15052a36c19878018aaebe8a6fea
16711159,flashbots,0xb5d883565500910f3f10f0a2e3a031139d972117a3b67da191ff93ba00ba26502d9b65385b5bca5e7c587273e40f2319
16711160,,
16711162,eden,0xa18fdb012ecadc1d9af521917959d5915f7d17ca1a88953a28cd182c000237e49a1c3a7050ee923459d477041ad0ae45
16711190,,
16711220,blox-maxprofit,0x94aa4ee318f39b56547a253700917982f4b737a49fc3f99ce08fa715e488e673d88a60f7d2cf9145a05127f17dcb7c67
16711247,,
16711253,blox-ethical,0xb086acdd8da6a11c973b4b26d8c955addbae4506c78defbeb5d4e00c1266b802ff86ec7457c4c3c7c573fa1e64f7e9e0
16711263,blox-maxprofit,0x94aa4ee318f39b56547a253700917982f4b737a49fc3f99ce08fa715e488e673d88a60f7d2cf9145a05127f17dcb7c67
16711286,blox-ethical,0x82801ab0556f7df1fb9bb3a61ca84beea8285a8dc3c455a7ea16a8b2993fe06058e0e7d275b28ea5d9f2ae995aa72605
16711293,,
16711295,blocknative,0x8000008a03ebae7d8ab2f66659bd719a698b2e74097d1e423df85e0d58571140527c15052a36c19878018aaebe8a6fea
16711307,,
16711330,,
16711396,blox-ethical,0xb086acdd8da6a11c973b4b26d8c955addbae4506c78defbeb5d4e00c1266b802ff86ec7457c4c3c7c573fa1e64f7e9e0
16711404,,
16711405,,
16711443,manifold,0x8d0187110022b21a97a265d9b98aae51cdd563e53ceacb6ca9ebd0dcdac91866a52aff73836d95ef1e587591291abb02
16711451,blox-maxprofit,0x94aa4ee318f39b56547a253700917982f4b737a49fc3f99ce08fa715e488e673d88a60f7d2cf9145a05127f17dcb7c67
16711475,,
16711479,,
16711489,,
16711499,blox-ethical,0xb086acdd8da6a11c973b4b26d8c955addbae4506c78defbeb5d4e00c1266b802ff86ec7457c4c3c7c573fa1e64f7e9e0
16711499,blox-maxprofit,0x94aa4ee318f39b56547a253700917982f4b737a49fc3f99ce08fa715e488e673d88a60f7d2cf9145a05127f17dcb7c67
16711520,blox-maxprofit,0x94aa4ee318f39b56547a253700917982f4b737a49fc3f99ce08fa715e488e673d88a60f7d2cf9145a05127f17dcb7c67
16711524,blox-maxprofit,0xafc9274fe595e8cff421ab9e73b031f0dff707ea1852e2233ff070ef18e3876e25c44a9831c4b5f802653d4678ccc31f
16711530,blocknative,0x8000008a03ebae7d8ab2f66659bd719a698b2e74097d1e423df85e0d58571140527c15052a36c19878018aaebe8a6fea
16711606,,
16711620,agnostic,0x83d3495a2951065cf19c4d282afca0a635a39f6504bd76282ed0138fe28680ec60fa3fd149e6d27a94a7d90e7b1fb640
16711623,blocknative,0x8000008a03ebae7d8ab2f66659bd719a698b2e74097d1e423df85e0d58571140527c15052a36c19878018aaebe8a6fea
16711634,blox-ethical,0xb086acdd8da6a11c973b4b26d8c955addbae4506c78defbeb5d4e00c1266b802ff86ec7457c4c3c7c573fa1e64f7e9e0
16711634,blox-maxprofit,0xafc9274fe595e8cff421ab9e73b031f0dff707ea1852e2233ff070ef18e3876e25c44a9831c4b5f802653d4678ccc31f
16711637,blocknative,0x8000008a03ebae7d8ab2f66659bd719a698b2e74097d1e423df85e0d58571140527c15052a36c19878018aaebe8a6fea
16711653,blox-maxprofit,0xafc9274fe595e8cff421ab9e73b031f0dff707ea1852e2233ff070ef18e3876e25c44a9831c4b5f802653d4678ccc31f
16711662,blox-maxprofit,0xafc9274fe595e8cff421ab9e73b031f0dff707ea1852e2233ff070ef18e3876e25c44a9831c4b5f802653d4678ccc31f
16711721,blocknative,0x8000008a03ebae7d8ab2f66659bd719a698b2e74097d1e423df85e0d58571140527c15052a36c19878018aaebe8a6fea
16711742,blox-maxprofit,0x94aa4ee318f39b56547a253700917982f4b737a49fc3f99ce08fa715e488e673d88a60f7d2cf9145a05127f17dcb7c67
16711748,blox-ethical,0x82801ab0556f7df1fb9bb3a61ca84beea8285a8dc3c455a7ea16a8b2993fe06058e0e7d275b28ea5d9f2ae995aa72605
16711764,blocknative,0x8000008a03ebae7d8ab2f66659bd719a698b2e74097d1e423df85e0d58571140527c15052a36c19878018aaebe8a6fea
16711801,agnostic,0x8ed74896fb129ac7f48d6a2908400044103b65d5c4e8f63feafd849f90fc174a4b71206a51b9453c12292bab3a92a4a2
16711818,blox-ethical,0xb086acdd8da6a11c973b4b26d8c955addbae4506c78defbeb5d4e00c1266b802ff86ec7457c4c3c7c573fa1e64f7e9e0
16711824,blox-maxprofit,0xafc9274fe595e8cff421ab9e73b031f0dff707ea1852e2233ff070ef18e3876e25c44a9831c4b5f802653d4678ccc31f
16711830,blox-maxprofit,0x94aa4ee318f39b56547a253700917982f4b737a49fc3f99ce08fa715e488e673d88a60f7d2cf9145a05127f17dcb7c67
16711867,blox-maxprofit,0x94aa4ee318f39b56547a253700917982f4b737a49fc3f99ce08fa715e488e673d88a60f7d2cf9145a05127f17dcb7c67
16711875,blocknative,0x8000008a03ebae7d8ab2f66659bd719a698b2e74097d1e423df85e0d58571140527c15052a36c19878018aaebe8a6fea
16711898,blocknative,0xb5d883565500910f3f10f0a2e3a031139d972117a3b67da191ff93ba00ba26502d9b65385b5bca5e7c587273e40f2319
16711911,,
16711948,blox-maxprofit,0xafc9274fe595e8cff421ab9e73b031f0dff707ea1852e2233ff070ef18e3876e25c44a9831c4b5f802653d4678ccc31f
16711995,blox-maxprofit,0xafc9274fe595e8cff421ab9e73b031f0dff707ea1852e2233ff070ef18e3876e25c44a9831c4b5f802653d4678ccc31f
16711997,,
16712040,blox-maxprofit,0x94aa4ee318f39b56547a253700917982f4b737a49fc3f99ce08fa715e488e673d88a60f7d2cf9145a05127f17dcb7c67
16712047,blox-maxprofit,0xafc9274fe595e8cff421ab9e73b031f0dff707ea1852e2233ff070ef18e3876e25c44a9831c4b5f802653d4678ccc31f
16712057,,
16712065,,
16712066,blox-maxprofit,0xafc9274fe595e8cff421ab9e73b031f0dff707ea1852e2233ff070ef18e3876e25c44a9831c4b5f802653d4678ccc31f
16712075,blox-maxprofit,0x94aa4ee318f39b56547a253700917982f4b737a49fc3f99ce08fa715e488e673d88a60f7d2cf9145a05127f17dcb7c67
16712076,,
16712082,,
16712096,blox-ethical,0xb086acdd8da6a11c973b4b26d8c955addbae4506c78defbeb5d4e00c1266b802ff86ec7457c4c3c7c573fa1e64f7e9e0
16712096,blox-maxprofit,0x94aa4ee318f39b56547a253700917982f4b737a49fc3f99ce08fa715e488e673d88a60f7d2cf9145a05127f17dcb7c67
16712116,blox-maxprofit,0x96a59d355b1f65e270b29981dd113625732539e955a1beeecbc471dd0196c4804574ff871d47ed34ff6d921061e9fc27
16712128,,
16712141,,
16712143,blocknative,0x8000008a03ebae7d8ab2f66659bd719a698b2e74097d1e423df85e0d58571140527c15052a36c19878018aaebe8a6fea
16712180,,
16712181,,
16712192,blocknative,0x8000008a03ebae7d8ab2f66659bd719a698b2e74097d1e423df85e0d58571140527c15052a36c19878018aaebe8a6fea
16712193,flashbots,0x8ed74896fb129ac7f48d6a2908400044103b65d5c4e8f63feafd849f90fc174a4b71206a51b9453c12292bab3a92a4a2
16712197,,
16712212,blox-ethical,0xb086acdd8da6a11c973b4b26d8c955addbae4506c78defbeb5d4e00c1266b802ff86ec7457c4c3c7c573fa1e64f7e9e0
16712251,blox-maxprofit,0x83d3495a2951065cf19c4d282afca0a635a39f6504bd76282ed0138fe28680ec60fa3fd149e6d27a94a7d90e7b1fb640
16712264,,
16712269,agnostic,0x8ed74896fb129ac7f48d6a2908400044103b65d5c4e8f63feafd849f90fc174a4b71206a51b9453c12292bab3a92a4a2
16712274,blocknative,0x8000008a03ebae7d8ab2f66659bd719a698b2e74097d1e423df85e0d58571140527c15052a36c19878018aaebe8a6fea
16712283,flashbots,0x8ed74896fb129ac7f48d6a2908400044103b65d5c4e8f63feafd849f90fc174a4b71206a51b9453c12292bab3a92a4a2
16712284,blox-maxprofit,0xafc9274fe595e8cff421ab9e73b031f0dff707ea1852e2233ff070ef18e3876e25c44a9831c4b5f802653d4678ccc31f
16712296,blox-maxprofit,0xafc9274fe595e8cff421ab9e73b031f0dff707ea1852e2233ff070ef18e3876e25c44a9831c4b5f802653d4678ccc31f
16712304,,
16712311,blocknative,0x8000008a03ebae7d8ab2f66659bd719a698b2e74097d1e423df85e0d58571140527c15052a36c19878018aaebe8a6fea
16712313,blox-maxprofit,0xb5d883565500910f3f10f0a2e3a031139d972117a3b67da191ff93ba00ba26502d9b65385b5bca5e7c587273e40f2319
16712319,blocknative,0x96a59d355b1f65e270b29981dd113625732539e955a1beeecbc471dd0196c4804574ff871d47ed34ff6d921061e9fc27
16712320,flashbots,0x83d3495a2951065cf19c4d282afca0a635a39f6504bd76282ed0138fe28680ec60fa3fd149e6d27a94a7d90e7b1fb640
16712324,,
16712325,agnostic,0x8ea1393f49d894ae22ec86e38d9aeb64b8336dac947e69cb8468acf510d010ce0b51b21ac3e1244bdb91c52e020ea525
16712328,blox-maxprofit,0xafc9274fe595e8cff421ab9e73b031f0dff707ea1852e2233ff070ef18e3876e25c44a9831c4b5f802653d4678ccc31f
16712351,blox-maxprofit,0xafc9274fe595e8cff421ab9e73b031f0dff707ea1852e2233ff070ef18e3876e25c44a9831c4b5f802653d4678ccc31f
16712362,,
16712372,,
16712382,,
16712383,blox-maxprofit,0x94aa4ee318f39b56547a253700917982f4b737a49fc3f99ce08fa715e488e673d88a60f7d2cf9145a05127f17dcb7c67
16712386,,
16712405,blocknative,0x8000008a03ebae7d8ab2f66659bd719a698b2e74097d1e423df85e0d58571140527c15052a36c19878018aaebe8a6fea
16712417,,
16712424,,
16712432,blox-ethical,0xb086acdd8da6a11c973b4b26d8c955addbae4506c78defbeb5d4e00c1266b802ff86ec7457c4c3c7c573fa1e64f7e9e0
16712432,blox-maxprofit,0xafc9274fe595e8cff421ab9e73b031f0dff707ea1852e2233ff070ef18e3876e25c44a9831c4b5f802653d4678ccc31f
16712454,blocknative,0x8000008a03ebae7d8ab2f66659bd719a698b2e74097d1e423df85e0d58571140527c15052a36c19878018aaebe8a6fea
16712458,blox-ethical,0x82801ab0556f7df1fb9bb3a61ca84beea8285a8dc3c455a7ea16a8b2993fe06058e0e7d275b28ea5d9f2ae995aa72605
16712472,,
16712475,,
16712523,blox-maxprofit,0x94aa4ee318f39b56547a253700917982f4b737a49fc3f99ce08fa715e488e673d88a60f7d2cf9145a05127f17dcb7c67
16712525,,
16712526,,
16712539,blocknative,0xb5d883565500910f3f10f0a2e3a031139d972117a3b67da191ff93ba00ba26502d9b65385b5bca5e7c587273e40f2319
16712553,blox-maxprofit,0xafc9274fe595e8cff421ab9e73b031f0dff707ea1852e2233ff070ef18e3876e25c44a9831c4b5f802653d4678ccc31f
16712560,blocknative,0x8000008a03ebae7d8ab2f66659bd719a698b2e74097d1e423df85e0d58571140527c15052a36c19878018aaebe8a6fea
16712564,blox-maxprofit,0xafc9274fe595e8cff421ab9e73b031f0dff707ea1852e2233ff070ef18e3876e25c44a9831c4b5f802653d4678ccc31f
16712572,blox-ethical,0xb086acdd8da6a11c973b4b26d8c955addbae4506c78defbeb5d4e00c1266b802ff86ec7457c4c3c7c573fa1e64f7e9e0
16712572,blox-maxprofit,0x94aa4ee318f39b56547a253700917982f4b737a49fc3f99ce08fa715e488e673d88a60f7d2cf9145a05127f17dcb7c67
16712586,blox-ethical,0x82801ab0556f7df1fb9bb3a61ca84beea8285a8dc3c455a7ea16a8b2993fe06058e0e7d275b28ea5d9f2ae995aa72605
16712599,blox-ethical,0xb086acdd8da6a11c973b4b26d8c955addbae4506c78defbeb5d4e00c1266b802ff86ec7457c4c3c7c573fa1e64f7e9e0
16712618,blox-maxprofit,0xafc9274fe595e8cff421ab9e73b031f0dff707ea1852e2233ff070ef18e3876e25c44a9831c4b5f802653d4678ccc31f
16712626,blox-maxprofit,0xafc9274fe595e8cff421ab9e73b031f0dff707ea1852e2233ff070ef18e3876e25c44a9831c4b5f802653d4678ccc31f
16712640,blox-maxprofit,0x94aa4ee318f39b56547a253700917982f4b737a49fc3f99ce08fa715e488e673d88a60f7d2cf9145a05127f17dcb7c67
16712646,blocknative,0x8000008a03ebae7d8ab2f66659bd719a698b2e74097d1e423df85e0d58571140527c15052a36c19878018aaebe8a6fea
16712669,blox-maxprofit,0xafc9274fe595e8cff421ab9e73b031f0dff707ea1852e2233ff070ef18e3876e25c44a9831c4b5f802653d4678ccc31f
16712674,,
16712680,blox-maxprofit,0xafc9274fe595e8cff421ab9e73b031f0dff707ea1852e2233ff070ef18e3876e25c44a9831c4b5f802653d4678ccc31f
16712686,blox-maxprofit,0xafc9274fe595e8cff421ab9e73b031f0dff707ea1852e2233ff070ef18e3876e25c44a9831c4b5f802653d4678ccc31f
16712700,blox-maxprofit,0xafc9274fe595e8cff421ab9e73b031f0dff707ea1852e2233ff070ef18e3876e25c44a9831c4b5f802653d4678ccc31f
16712746,blox-maxprofit,0xafc9274fe595e8cff421ab9e73b031f0dff707ea1852e2233ff070ef18e3876e25c44a9831c4b5f802653d4678ccc31f
16712750,blox-maxprofit,0x976e63c505050e25b70b39238990c78ddf0948685eb8c5687d17ba5089541f37dd3c45999f2db449eac298b1d4856013
16712755,,
16712761,blox-maxprofit,0x94aa4ee318f39b56547a253700917982f4b737a49fc3f99ce08fa715e488e673d88a60f7d2cf9145a05127f17dcb7c67
16712762,,
16712763,blocknative,0x8000008a03ebae7d8ab2f66659bd719a698b2e74097d1e423df85e0d58571140527c15052a36c19878018aaebe8a6fea
16712764,blox-ethical,0x82801ab0556f7df1fb9bb3a61ca84beea8285a8dc3c455a7ea16a8b2993fe06058e0e7d275b28ea5d9f2ae995aa72605
16712773,blox-maxprofit,0xafc9274fe595e8cff421ab9e73b031f0dff707ea1852e2233ff070ef18e3876e25c44a9831c4b5f802653d4678ccc31f
16712789,blox-ethical,0xb086acdd8da6a11c973b4b26d8c955addbae4506c78defbeb5d4e00c1266b802ff86ec7457c4c3c7c573fa1e64f7e9e0
16712798,flashbots,0x8ea1393f49d894ae22ec86e38d9aeb64b8336dac947e69cb8468acf510d010ce0b51b21ac3e1244bdb91c52e020ea525
16712821,blox-maxprofit,0xafc9274fe595e8cff421ab9e73b031f0dff707ea1852e2233ff070ef18e3876e25c44a9831c4b5f802653d4678ccc31f
16712822,blox-maxprofit,0xafc9274fe595e8cff421ab9e73b031f0dff707ea1852e2233ff070ef18e3876e25c44a9831c4b5f802653d4678ccc31f
16712823,blox-ethical,0xb086acdd8da6a11c973b4b26d8c955addbae4506c78defbeb5d4e00c1266b802ff86ec7457c4c3c7c573fa1e64f7e9e0
16712840,blox-maxprofit,0xafc9274fe595e8cff421ab9e73b031f0dff707ea1852e2233ff070ef18e3876e25c44a9831c4b5f802653d4678ccc31f
16712844,blox-maxprofit,0x976e63c505050e25b70b39238990c78ddf0948685eb8c5687d17ba5089541f37dd3c45999f2db449eac298b1d4856013
16712864,,
16712894,,
16712900,aestus,0x83d3495a2951065cf19c4d282afca0a635a39f6504bd76282ed0138fe28680ec60fa3fd149e6d27a94a7d90e7b1fb640
16712918,blox-maxprofit,0xafc9274fe595e8cff421ab9e73b031f0dff707ea1852e2233ff070ef18e3876e25c44a9831c4b5f802653d4678ccc31f
16712923,blocknative,0x8000008a03ebae7d8ab2f66659bd719a698b2e74097d1e423df85e0d58571140527c15052a36c19878018aaebe8a6fea
16712940,flashbots,0xb8fceec09779ff758918a849bfe8ab43cea79f6a98320af0af5b030f6a7850fcc5883cb965d02efb10eed1ffa987e899
16712945,blox-maxprofit,0xafc9274fe595e8cff421ab9e73b031f0dff707ea1852e2233ff070ef18e3876e25c44a9831c4b5f802653d4678ccc31f
16712949,flashbots,0xb8fceec09779ff758918a849bfe8ab43cea79f6a98320af0af5b030f6a7850fcc5883cb965d02efb10eed1ffa987e899
16712989,eden,0x8e39849ceabc8710de49b2ca7053813de18b1c12d9ee22149dac4b90b634dd7e6d1e7d3c2b4df806ce32c6228eb70a8b
16713004,,
16713006,,
16713022,blocknative,0x8000008a03ebae7d8ab2f66659bd719a698b2e74097d1e423df85e0d58571140527c15052a36c19878018aaebe8a6fea
16713024,blocknative,0x8000008a03ebae7d8ab2f66659bd719a698b2e74097d1e423df85e0d58571140527c15052a36c19878018aaebe8a6fea
16713026,blox-maxprofit,0xafc9274fe595e8cff421ab9e73b031f0dff707ea1852e2233ff070ef18e3876e25c44a9831c4b5f802653d4678ccc31f
16713028,blocknative,0x8000008a03ebae7d8ab2f66659bd719a698b2e74097d1e423df85e0d58571140527c15052a36c19878018aaebe8a6fea
16713030,blocknative,0x8000008a03ebae7d8ab2f66659bd719a698b2e74097d1e423df85e0d58571140527c15052a36c19878018aaebe8a6fea
16713034,blox-maxprofit,0xafc9274fe595e8cff421ab9e73b031f0dff707ea1852e2233ff070ef18e3876e25c44a9831c4b5f802653d4678ccc31f
16713054,blox-maxprofit,0xafc9274fe595e8cff421ab9e73b031f0dff707ea1852e2233ff070ef18e3876e25c44a9831c4b5f802653d4678ccc31f
16713057,,
16713064,blocknative,0x9000009807ed12c1f08bf4e81c6da3ba8e3fc3d953898ce0102433094e5f22f21102ec057841fcb81978ed1ea0fa8246
16713076,aestus,0xb3a4b137b0224321813151568035e4c0dd7af8a2523a606a73b7d459a6202e7d6d58f2149a32bc2fe85980866fdc0c92
16713085,blocknative,0x8000008a03ebae7d8ab2f66659bd719a698b2e74097d1e423df85e0d58571140527c15052a36c19878018aaebe8a6fea
16713096,,
16713099,blocknative,0x8000008a03ebae7d8ab2f66659bd719a698b2e74097d1e423df85e0d58571140527c15052a36c19878018aaebe8a6fea
16713122,,
16713123,eden,0x91970c2db7c12510acb2e9c45844f7de602f83a7f31064f7ca04a807b607d7aebfc0abda73c036a92e5c3e56ebca04b7
16713131,blocknative,0x8000008a03ebae7d8ab2f66659bd719a698b2e74097d1e423df85e0d58571140527c15052a36c19878018aaebe8a6fea
16713164,,
16713179,blox-maxprofit,0x94aa4ee318f39b56547a253700917982f4b737a49fc3f99ce08fa715e488e673d88a60f7d2cf9145a05127f17dcb7c67
16713195,blocknative,0x9000009807ed12c1f08bf4e81c6da3ba8e3fc3d953898ce0102433094e5f22f21102ec057841fcb81978ed1ea0fa8246
16713210,blocknative,0x8000008a03ebae7d8ab2f66659bd719a698b2e74097d1e423df85e0d58571140527c15052a36c19878018aaebe8a6fea
16713216,blox-maxprofit,0xafc9274fe595e8cff421ab9e73b031f0dff707ea1852e2233ff070ef18e3876e25c44a9831c4b5f802653d4678ccc31f
16713225,eden,0x91970c2db7c12510acb2e9c45844f7de602f83a7f31064f7ca04a807b607d7aebfc0abda73c036a92e5c3e56ebca04b7
16713237,,
16713245,blox-maxprofit,0xafc9274fe595e8cff421ab9e73b031f0dff707ea1852e2233ff070ef18e3876e25c44a9831c4b5f802653d4678ccc31f
16713273,blox-maxprofit,0x94aa4ee318f39b56547a253700917982f4b737a49fc3f99ce08fa715e488e673d88a60f7d2cf9145a05127f17dcb7c67
16713287,blocknative,0x8000008a03ebae7d8ab2f66659bd719a698b2e74097d1e423df85e0d58571140527c15052a36c19878018aaebe8a6fea
16713318,blocknative,0x8000008a03ebae7d8ab2f66659bd719a698b2e74097d1e423df85e0d58571140527c15052a36c19878018aaebe8a6fea
16713321,,
16713339,blox-maxprofit,0xafc9274fe595e8cff421ab9e73b031f0dff707ea1852e2233ff070ef18e3876e25c44a9831c4b5f802653d4678ccc31f
16713373,,
16713417,blox-ethical,0xb086acdd8da6a11c973b4b26d8c955addbae4506c78defbeb5d4e00c1266b802ff86ec7457c4c3c7c573fa1e64f7e9e0
16713427,blocknative,0x8000008a03ebae7d8ab2f66659bd719a698b2e74097d1e423df85e0d58571140527c15052a36c19878018aaebe8a6fea
16713431,blox-maxprofit,0x94aa4ee318f39b56547a253700917982f4b737a49fc3f99ce08fa715e488e673d88a60f7d2cf9145a05127f17dcb7c67
16713432,,
16713434,blox-maxprofit,0xafc9274fe595e8cff421ab9e73b031f0dff707ea1852e2233ff070ef18e3876e25c44a9831c4b5f802653d4678ccc31f
16713441,,
16713452,,
16713457,blox-maxprofit,0xafc9274fe595e8cff421ab9e73b031f0dff707ea1852e2233ff070ef18e3876e25c44a9831c4b5f802653d4678ccc31f
16713463,blox-maxprofit,0xafc9274fe595e8cff421ab9e73b031f0dff707ea1852e2233ff070ef18e3876e25c44a9831c4b5f802653d4678ccc31f
16713470,blox-maxprofit,0x94aa4ee318f39b56547a253700917982f4b737a49fc3f99ce08fa715e488e673d88a60f7d2cf9145a05127f17dcb7c67
16713487,blox-maxprofit,0xafc9274fe595e8cff421ab9e73b031f0dff707ea1852e2233ff070ef18e3876e25c44a9831c4b5f802653d4678ccc31f
16713496,blocknative,0x8000008a03ebae7d8ab2f66659bd719a698b2e74097d1e423df85e0d58571140527c15052a36c19878018aaebe8a6fea
16713531,,
16713542,flashbots,0xb8fceec09779ff758918a849bfe8ab43cea79f6a98320af0af5b030f6a7850fcc5883cb965d02efb10eed1ffa987e899
16713543,blox-maxprofit,0xafc9274fe595e8cff421ab9e73b031f0dff707ea1852e2233ff070ef18e3876e25c44a9831c4b5f802653d4678ccc31f
16713553,blocknative,0x8000008a03ebae7d8ab2f66659bd719a698b2e74097d1e423df85e0d58571140527c15052a36c19878018aaebe8a6fea
16713573,blox-ethical,0xb086acdd8da6a11c973b4b26d8c955addbae4506c78defbeb5d4e00c1266b802ff86ec7457c4c3c7c573fa1e64f7e9e0
16713573,blox-maxprofit,0x94aa4ee318f39b56547a253700917982f4b737a49fc3f99ce08fa715e488e673d88a60f7d2cf9145a05127f17dcb7c67
16713585,blocknative,0x8000008a03ebae7d8ab2f66659bd719a698b2e74097d1e423df85e0d58571140527c15052a36c19878018aaebe8a6fea
16713599,blox-maxprofit,0x94aa4ee318f39b56547a253700917982f4b737a49fc3f99ce08fa715e488e673d88a60f7d2cf9145a05127f17dcb7c67
16713607,,
16713619,blox-maxprofit,0xafc9274fe595e8cff421ab9e73b031f0dff707ea1852e2233ff070ef18e3876e25c44a9831c4b5f802653d4678ccc31f
16713620,blocknative,0x8000008a03ebae7d8ab2f66659bd719a698b2e74097d1e423df85e0d58571140527c15052a36c19878018aaebe8a6fea
16713643,flashbots,0x83bee51799e65130296f5d60ce7d78119578db6045c3c3631980514abae0be0f9b65fe82eb0c9a79d6d99030112c874c
16713665,blocknative,0x8000008a03ebae7d8ab2f66659bd719a698b2e74097d1e423df85e0d58571140527c15052a36c19878018aaebe8a6fea
16713695,blox-maxprofit,0xafc9274fe595e8cff421ab9e73b031f0dff707ea1852e2233ff070ef18e3876e25c44a9831c4b5f802653d4678ccc31f
16713717,blocknative,0x8000008a03ebae7d8ab2f66659bd719a698b2e74097d1e423df85e0d58571140527c15052a36c19878018aaebe8a6fea
16713721,blox-maxprofit,0xafc9274fe595e8cff421ab9e73b031f0dff707ea1852e2233ff070ef18e3876e25c44a9831c4b5f802653d4678ccc31f
16713723,,
16713725,blox-ethical,0xb086acdd8da6a11c973b4b26d8c955addbae4506c78defbeb5d4e00c1266b802ff86ec7457c4c3c7c573fa1e64f7e9e0
16713725,blox-maxprofit,0x94aa4ee318f39b56547a253700917982f4b737a49fc3f99ce08fa715e488e673d88a60f7d2cf9145a05127f17dcb7c67
16713729,,
16713745,blox-ethical,0x82801ab0556f7df1fb9bb3a61ca84beea8285a8dc3c455a7ea16a8b2993fe06058e0e7d275b28ea5d9f2ae995aa72605
16713753,blocknative,0x8000008a03ebae7d8ab2f66659bd719a698b2e74097d1e423df85e0d58571140527c15052a36c19878018aaebe8a6fea
16713765,,
16713779,blox-ethical,0x82801ab0556f7df1fb9bb3a61ca84beea8285a8dc3c455a7ea16a8b2993fe06058e0e7d275b28ea5d9f2ae995aa72605
16713809,blox-maxprofit,0x94aa4ee318f39b56547a253700917982f4b737a49fc3f99ce08fa715e488e673d88a60f7d2cf9145a05127f17dcb7c67
16713825,blocknative,0x9100000005a9260b0390e1580f677887930133715d32453a896c5a179cf53b7d3c2b07ce14dbc40fd9a84e9f196b5ca4
16713829,blox-maxprofit,0xafc9274fe595e8cff421ab9e73b031f0dff707ea1852e2233ff070ef18e3876e25c44a9831c4b5f802653d4678ccc31f
16713887,blox-maxprofit,0xafc9274fe595e8cff421ab9e73b031f0dff707ea1852e2233ff070ef18e3876e25c44a9831c4b5f802653d4678ccc31f
16713889,,
16713910,,
16713922,manifold,0xa25f5d5bd4f1956971bbd6e5a19e59c9b1422ca253587bbbb644645bd2067cc08fb854a231061f8c91f110254664e943
16713923,blox-maxprofit,0xafc9274fe595e8cff421ab9e73b031f0dff707ea1852e2233ff070ef18e3876e25c44a9831c4b5f802653d4678ccc31f
16713959,,
16713967,blox-maxprofit,0xafc9274fe595e8cff421ab9e73b031f0dff707ea1852e2233ff070ef18e3876e25c44a9831c4b5f802653d4678ccc31f
16713971,blocknative,0x8000008a03ebae7d8ab2f66659bd719a698b2e74097d1e423df85e0d58571140527c15052a36c19878018aaebe8a6fea
16713977,blox-ethical,0x82801ab0556f7df1fb9bb3a61ca84beea8285a8dc3c455a7ea16a8b2993fe06058e0e7d275b28ea5d9f2ae995aa72605
16713977,blox-maxprofit,0xafc9274fe595e8cff421ab9e73b031f0dff707ea1852e2233ff070ef18e3876e25c44a9831c4b5f802653d4678ccc31f
16714037,blox-maxprofit,0x976e63c505050e25b70b39238990c78ddf0948685eb8c5687d17ba5089541f37dd3c45999f2db449eac298b1d4856013
16714040,blox-maxprofit,0xafc9274fe595e8cff421ab9e73b031f0dff707ea1852e2233ff070ef18e3876e25c44a9831c4b5f802653d4678ccc31f
16714041,blox-ethical,0x82801ab0556f7df1fb9bb3a61ca84beea8285a8dc3c455a7ea16a8b2993fe06058e0e7d275b28ea5d9f2ae995aa72605
16714044,blox-maxprofit,0xafc9274fe595e8cff421ab9e73b031f0dff707ea1852e2233ff070ef18e3876e25c44a9831c4b5f802653d4678ccc31f
16714059,blox-maxprofit,0xafc9274fe595e8cff421ab9e73b031f0dff707ea1852e2233ff070ef18e3876e25c44a9831c4b5f802653d4678ccc31f
16714067,blox-ethical,0xb086acdd8da6a11c973b4b26d8c955addbae4506c78defbeb5d4e00c1266b802ff86ec7457c4c3c7c573fa1e64f7e9e0
16714067,blox-maxprofit,0x94aa4ee318f39b56547a253700917982f4b737a49fc3f99ce08fa715e488e673d88a60f7d2cf9145a05127f17dcb7c67
16714077,blocknative,0x8000008a03ebae7d8ab2f66659bd719a698b2e74097d1e423df85e0d58571140527c15052a36c19878018aaebe8a6fea
16714081,blox-maxprofit,0xafc9274fe595e8cff421ab9e73b031f0dff707ea1852e2233ff070ef18e3876e25c44a9831c4b5f802653d4678ccc31f
16714084,manifold,0xa25f5d5bd4f1956971bbd6e5a19e59c9b1422ca253587bbbb644645bd2067cc08fb854a231061f8c91f110254664e943
16714092,flashbots,0xb8fceec09779ff758918a849bfe8ab43cea79f6a98320af0af5b030f6a7850fcc5883cb965d02efb10eed1ffa987e899
16714112,blox-maxprofit,0xafc9274fe595e8cff421ab9e73b031f0dff707ea1852e2233ff070ef18e3876e25c44a9831c4b5f802653d4678ccc31f
16714147,blocknative,0x8000008a03ebae7d8ab2f66659bd719a698b2e74097d1e423df85e0d58571140527c15052a36c19878018aaebe8a6fea
16714178,,
16714200,blox-ethical,0xb086acdd8da6a11c973b4b26d8c955addbae4506c78defbeb5d4e00c1266b802ff86ec7457c4c3c7c573fa1e64f7e9e0
16714200,blox-maxprofit,0x94aa4ee318f39b56547a253700917982f4b737a49fc3f99ce08fa715e488e673d88a60f7d2cf9145a05127f17dcb7c67
16714220,blox-maxprofit,0x82ba7cadcdfc1b156ba2c48c1c627428ba917858e62c3a97d8f919510da23d0f11cf5db53cb92a5faf5de7d31bf38632
16714223,blocknative,0x8000008a03ebae7d8ab2f66659bd719a698b2e74097d1e423df85e0d58571140527c15052a36c19878018aaebe8a6fea
16714225,blocknative,0x8000008a03ebae7d8ab2f66659bd719a698b2e74097d1e423df85e0d58571140527c15052a36c19878018aaebe8a6fea
16714232,,
16714244,aestus,0x83d3495a2951065cf19c4d282afca0a635a39f6504bd76282ed0138fe28680ec60fa3fd149e6d27a94a7d90e7b1fb640
16714245,blocknative,0x8000008a03ebae7d8ab2f66659bd719a698b2e74097d1e423df85e0d58571140527c15052a36c19878018aaebe8a6fea
16714248,,
16714256,blocknative,0x8000008a03ebae7d8ab2f66659bd719a698b2e74097d1e423df85e0d58571140527c15052a36c19878018aaebe8a6fea
16714262,blox-maxprofit,0xafc9274fe595e8cff421ab9e73b031f0dff707ea1852e2233ff070ef18e3876e25c44a9831c4b5f802653d4678ccc31f
16714271,blocknative,0x8000008a03ebae7d8ab2f66659bd719a698b2e74097d1e423df85e0d58571140527c15052a36c19878018aaebe8a6fea
16714280,,
16714284,blox-maxprofit,0xafc9274fe595e8cff421ab9e73b031f0dff707ea1852e2233ff070ef18e3876e25c44a9831c4b5f802653d4678ccc31f
16714291,blocknative,0x8000008a03ebae7d8ab2f66659bd719a698b2e74097d1e423df85e0d58571140527c15052a36c19878018aaebe8a6fea
16714297,,
16714299,blox-maxprofit,0x94aa4ee318f39b56547a253700917982f4b737a49fc3f99ce08fa715e488e673d88a60f7d2cf9145a05127f17dcb7c67
16714328,,
16714334,flashbots,0xb8fceec09779ff758918a849bfe8ab43cea79f6a98320af0af5b030f6a7850fcc5883cb965d02efb10eed1ffa987e899
16714358,,
16714378,flashbots,0x984357f7e6489e5e04049920bf63087ee6904272e937371f27ae84c064c36ae28f0f7bbb9f127fcd736df63a34172c11
16714392,,
16714399,,
16714401,blocknative,0x8000008a03ebae7d8ab2f66659bd719a698b2e74097d1e423df85e0d58571140527c15052a36c19878018aaebe8a6fea
16714418,,
16714427,blocknative,0x8000008a03ebae7d8ab2f66659bd719a698b2e74097d1e423df85e0d58571140527c15052a36c19878018aaebe8a6fea
16714433,,
16714437,blox-maxprofit,0x94aa4ee318f39b56547a253700917982f4b737a49fc3f99ce08fa715e488e673d88a60f7d2cf9145a05127f17dcb7c67
16714441,blocknative,0x8000008a03ebae7d8ab2f66659bd719a698b2e74097d1e423df85e0d58571140527c15052a36c19878018aaebe8a6fea
16714443,blox-ethical,0x82801ab0556f7df1fb9bb3a61ca84beea8285a8dc3c455a7ea16a8b2993fe06058e0e7d275b28ea5d9f2ae995aa72605
16714448,blox-maxprofit,0x94aa4ee318f39b56547a253700917982f4b737a49fc3f99ce08fa715e488e673d88a60f7d2cf9145a05127f17dcb7c67
16714460,,
16714464,,
16714471,blox-maxprofit,0xafc9274fe595e8cff421ab9e73b031f0dff707ea1852e2233ff070ef18e3876e25c44a9831c4b5f802653d4678ccc31f
16714479,,
16714480,,
16714494,blox-maxprofit,0x94aa4ee318f39b56547a253700917982f4b737a49fc3f99ce08fa715e488e673d88a60f7d2cf9145a05127f17dcb7c67
16714508,blox-maxprofit,0xafc9274fe595e8cff421ab9e73b031f0dff707ea1852e2233ff070ef18e3876e25c44a9831c4b5f802653d4678ccc31f
16714510,blox-maxprofit,0xafc9274fe595e8cff421ab9e73b031f0dff707ea1852e2233ff070ef18e3876e25c44a9831c4b5f802653d4678ccc31f
16714527,,
16714555,,
16714561,,
16714569,manifold,0xa25f5d5bd4f1956971bbd6e5a19e59c9b1422ca253587bbbb644645bd2067cc08fb854a231061f8c91f110254664e943
16714571,,
16714577,,
16714583,,
16714606,blox-maxprofit,0xafc9274fe595e8cff421ab9e73b031f0dff707ea1852e2233ff070ef18e3876e25c44a9831c4b5f802653d4678ccc31f
16714654,,
16714678,blocknative,0x8000008a03ebae7d8ab2f66659bd719a698b2e74097d1e423df85e0d58571140527c15052a36c19878018aaebe8a6fea
16714701,blox-maxprofit,0x976e63c505050e25b70b39238990c78ddf0948685eb8c5687d17ba5089541f37dd3c45999f2db449eac298b1d4856013
16714708,,
16714709,blocknative,0x8000008a03ebae7d8ab2f66659bd719a698b2e74097d1e423df85e0d58571140527c15052a36c19878018aaebe8a6fea
16714714,blocknative,0x8000008a03ebae7d8ab2f66659bd719a698b2e74097d1e423df85e0d58571140527c15052a36c19878018aaebe8a6fea
16714723,blocknative,0x8000008a03ebae7d8ab2f66659bd719a698b2e74097d1e423df85e0d58571140527c15052a36c19878018aaebe8a6fea
